,name,model,actual price,old price,discount
0,Nike,Women's Blazer Mid '77 Jumbo,"110,00","110,00",0%
1,Nike,Offline Pack,"125,00","125,00",0%
2,Converse,Women's Chuck 70 Hi ,"100,00","100,00",0%
3,adidas,Forum Mid Parley,"120,00","120,00",0%
4,adidas,Superstar Parley,"120,00","120,00",0%
5,adidas,Superstar 82,"120,00","120,00",0%
6,Birkenstock,Siena,"105,00","105,00",0%
7,Asics,Gel-Lyte III OG GTX,"170,00","170,00",0%
8,RAF SIMONS,Cylon-21,"450,00","450,00",0%
9,RAF SIMONS,Cylon-21,"450,00","450,00",0%
10,New Balance,Made in UK 1500,"220,00","220,00",0%
11,Converse,Chuck 70 Hi ,"90,00","90,00",0%
12,Converse,Chuck 70 Hi C.G,"100,00","100,00",0%
13,Converse,Chuck 70 Hi Utility,"140,00","140,00",0%
14,Converse,Weapon CX,"110,00","110,00",0%
15,Converse,Run Star Motion Hi,"120,00","120,00",0%
16,Converse,Run Star Motion Hi,"120,00","120,00",0%
17,Nike, Air Huarache NH,"120,00","120,00",0%
18,Nike, Air Pegasus 83 Premium,"100,00","100,00",0%
19,Nike,Women's Air Max Pre-Day SE,"145,00","145,00",0%
20,Jordan,Sky Jordan 1 (PS),"70,00","70,00",0%
21,Jordan,Sky Jordan 1 (PS),"70,00","70,00",0%
22,Asics,5N2-S Protoblast ,"140,00","140,00",0%
23,adidas,Campus 80s,"100,00","100,00",0%
24,adidas,Ozweego Celox,"120,00","120,00",0%
25,adidas,Women's Superstar,"110,00","110,00",0%
26,adidas,Women's Superstar Bonega,"110,00","110,00",0%
27,adidas,Women's Forum Bonega Mid,"120,00","120,00",0%
28,adidas,Women's Forum Bonega,"110,00","110,00",0%
29,adidas,Women's Ultraboost Web DNA,"180,00","180,00",0%
30,adidas,Ultraboost 22,"190,00","190,00",0%
31,adidas Consortium,Equipment Proto,"130,00","130,00",0%
32,adidas Consortium,Equipment Proto,"130,00","130,00",0%
33,Puma,Women's Cali Dreams Pastel,"100,00","100,00",0%
34,Converse,Weapon CX,"120,00","120,00",0%
35,adidas Y-3,Slides,"160,00","160,00",0%
36,On,Cloudmonster ,"170,00","170,00",0%
37,Nike,"Blazer Low ""Black Patent Leather"" x sacai","125,00","125,00",0%
38,Converse,One Star Pro OX x Carhartt WIP ,"100,00","100,00",0%
39,Converse,Fasbreak Pro Mid x Carhartt WIP,"110,00","110,00",0%
40,On,Cloudmonster,"170,00","170,00",0%
41,adidas,Adimatic,"110,00","110,00",0%
42,HOKA One One,Anacapa Low GTX,"155,00","155,00",0%
43,adidas,Superstar 82,"120,00","120,00",0%
44,adidas Y-3,Hokori Sandals,"230,00","230,00",0%
45,Birkenstock,Arozina NU,"110,00","110,00",0%
46,Nike,Air Trainer 1,"125,00","125,00",0%
47,Jordan,"Air Jordan 7 Retro SE ""Sapphire""","200,00","200,00",0%
48,Puma,Basket VTG,"90,00","90,00",0%
49,Puma,Basket VTG,"90,00","90,00",0%
50,Birkenstock,Arizona,"45,00","45,00",0%
51,Birkenstock,Women's Madrid Big Buckle Leoi,"120,00","120,00",0%
52,Vans,Classic Slip-On 98 DX,"85,00","85,00",0%
53,Vans,Old Skool 36 DX ,"100,00","100,00",0%
54,Vans,Authentic 44 DX ,"85,00","85,00",0%
55,Vans,OG Style 36,"105,00","105,00",0%
56,Rick Owens DRKSHDW,Beatle Abstract,"560,00","560,00",0%
57,Rick Owens,Pull On Fogpocket Cyclops,"1.675,00","1.675,00",0%
58,Rick Owens,Leather Geth Runner ,"880,00","880,00",0%
59,adidas,4D Futurecraft,"220,00","220,00",0%
60,New Balance,2002R,"120,00","120,00",0%
61,New Balance,2002R,"120,00","120,00",0%
62,On,Cloudaway,"150,00","150,00",0%
63,On,Cloudaway,"150,00","150,00",0%
64,On,Cloudaway,"150,00","150,00",0%
65,Asics,Gel-Kinsei Blast ,"200,00","200,00",0%
66,adidas,Adilette,"45,00","45,00",0%
67,Reebok,"CL Memory Of ""Project 0"" x Maison Margiela","350,00","350,00",0%
68,Reebok,"CC Memory Of ""Project 0"" x Maison Margiela","350,00","350,00",0%
69,Reebok,"CC Memory Of ""Project 0"" x Maison Margiela","350,00","350,00",0%
70,Reebok,"CL Memory Of ""Project 0"" x Maison Margiela","350,00","350,00",0%
71,Vans Vault,Old Skool VLT LX x Krink,"95,00","95,00",0%
72,Vans Vault,Old Skool VLT LX x Krink,"95,00","95,00",0%
73,Vans Vault,Authentic LX OG x Krink ,"90,00","90,00",0%
74,Vans Vault,Authentic LX OG,"80,00","80,00",0%
75,Vans Vault,Old Skool LX OG,"95,00","95,00",0%
76,Reebok,InstaPump Fury Zone,"160,00","160,00",0%
77,Nike,"Women's Air Force 1 '07 ""Blue Paisley""","100,00","100,00",0%
78,Birkenstock,Women's Super-Birki PU,"70,00","70,00",0%
79,Birkenstock,Women's Gizeh EVA,"45,00","45,00",0%
80,Birkenstock,Women's Arizona EVA,"45,00","45,00",0%
81,Birkenstock,Women's Siena SFB NU,"115,00","115,00",0%
82,Birkenstock,Women's Madrid BB NU,"110,00","110,00",0%
83,Birkenstock,Women's Madrid Big Buckle,"120,00","120,00",0%
84,Birkenstock,Women's Arizona Birk Flor Earthy,"90,00","90,00",0%
85,Birkenstock,Arizona SFB VL,"105,00","105,00",0%
86,Birkenstock,Arizona Big Buckle,"140,00","140,00",0%
87,Puma,Blaze Of Glory Reverse Classics,"130,00","130,00",0%
88,Puma,Blaze Of Glory Reverse Classics,"130,00","130,00",0%
89,Nike,"LeBron IX Low ""LeBronold Palmer""","185,00","185,00",0%
90,adidas,Superstar 82 Panel,"120,00","120,00",0%
91,adidas,Ultraboost Web DNA,"180,00","180,00",0%
92,Reebok,LT Court,"110,00","110,00",0%
93,New Balance,327,"120,00","120,00",0%
94,New Balance,XC72,"120,00","120,00",0%
95,New Balance,XC72,"120,00","120,00",0%
96,Vans Vault,Style 36 LX OG,"105,00","105,00",0%
97,Vans Vault,Authentic LX OG,"80,00","80,00",0%
98,Vans Vault,Old Skool LX OG,"95,00","95,00",0%
99,Vans Vault,Era LX OG,"80,00","80,00",0%
100,Vans Vault,Era LX OG,"80,00","80,00",0%
101,Vans Vault,"Style 48 LX OG ""Maritime""","120,00","120,00",0%
102,Vans Vault,"Style 48 LX OG ""Maritime""","120,00","120,00",0%
103,Vans Vault,"Style 48 LX OG ""Maritime""","120,00","120,00",0%
104,Puma,Slipstream Mid x AMI,"160,00","160,00",0%
105,Jordan,"Air Jordan 13 Retro ""Del Sol"" ","210,00","210,00",0%
106,adidas,"ZX 8000 ""Strawberry Latte""","120,00","120,00",0%
107,adidas,"ZX 8000 ""Fresh Mint Tea""","120,00","120,00",0%
108,Nike,Women's Blazer Low Platform SE NN,"105,00","105,00",0%
109,Nike,Women's Blazer Mid '77 Jumbo,"110,00","110,00",0%
110,Nike,Women's Fontanka Waffle ,"100,00","100,00",0%
111,Nike,Women's Icon Classic Sandalas,"65,00","65,00",0%
112,Nike,Offline 2.0,"135,00","135,00",0%
113,Crocs,Classic Dream Clog,"55,00","55,00",0%
114,Jordan,Jordan Series Mid,"90,00","90,00",0%
115,adidas,Campus 80s,"100,00","100,00",0%
116,Jordan,"Women's Air Jordan 1 Mid SE ""Pomegranate""","130,00","130,00",0%
117,Asics,Gel-Quantum 360 6,"200,00","200,00",0%
118,Asics,Gel-Quantum 360 6,"200,00","200,00",0%
119,adidas,Ultraboost 5.0 DNA,"180,00","180,00",0%
120,adidas,Superstar 82,"120,00","120,00",0%
121,adidas,Superstar 82,"120,00","120,00",0%
122,Nike,Air Force 1 ,"130,00","130,00",0%
123,Nike, Air Zoom Tempo Next% FK,"200,00","200,00",0%
124,Jordan,Series .05,"85,00","85,00",0%
125,Nike, Air Zoom Tempo Next% FK,"200,00","200,00",0%
126,Nike,Air Max 95 SE,"180,00","180,00",0%
127,Nike,Women's Air Max 95,"190,00","190,00",0%
128,Nike,Air Max Terrascape Plus,"180,00","180,00",0%
129,Nike,Women's Air Max Furyosa,"150,00","150,00",0%
130,Nike,Women's Air Max Terrascape 90,"150,00","150,00",0%
131,Nike,Women's Air Max Terrascape 90,"150,00","150,00",0%
132,Nike,Air Zoom Alphafly NEXT%,"300,00","300,00",0%
133,Nike,Air Max 96 II,"175,00","175,00",0%
134,Nike,"Air Trainer 1 SP ""Dark Smoke Grey""","150,00","150,00",0%
135,Crocs,Classic Marbled Clog,"55,00","55,00",0%
136,Crocs,Classic Marbled Clog,"55,00","55,00",0%
137,Crocs,Classic Out Of This World II Clog,"55,00","55,00",0%
138,Crocs,Classic Tie-Dye Graphic Clog,"50,00","50,00",0%
139,Crocs,Classic Tie-Dye Graphic Clog,"55,00","55,00",0%
140,Crocs,Classic Tie-Dye Graphic Clog,"55,00","55,00",0%
141,Crocs,Classic Solarized Clog,"55,00","55,00",0%
142,Crocs,Classic Solarized Clog,"55,00","55,00",0%
143,Crocs,Classic Clog,"50,00","50,00",0%
144,Crocs,Classic Clog,"50,00","50,00",0%
145,Crocs,Classic Clog,"50,00","50,00",0%
146,Crocs,Classic Clog,"50,00","50,00",0%
147,Crocs,Classic Clog,"50,00","50,00",0%
148,Crocs,Kid's Classic Clog,"40,00","40,00",0%
149,Crocs,Kid's Classic Clog,"40,00","40,00",0%
150,Crocs,Kid's Classic Clog,"40,00","40,00",0%
151,Crocs,Kid's Classic Clog,"40,00","40,00",0%
152,Crocs,Kid's Classic Clog,"40,00","40,00",0%
153,Crocs,Kid's Classic Clog,"40,00","40,00",0%
154,Crocs,Kid's Classic Clog,"40,00","40,00",0%
155,Crocs,Kid's Classic Clog,"40,00","40,00",0%
156,Crocs,Toddler's Classic Clog,"35,00","35,00",0%
157,Crocs,Toddler's Classic Clog,"35,00","35,00",0%
158,Crocs,Toddler's Classic Clog,"35,00","35,00",0%
159,Crocs,Toddler's Classic Clog,"35,00","35,00",0%
160,Crocs,Toddler's Classic Clog,"35,00","35,00",0%
161,Crocs,Toddler's Classic Clog,"35,00","35,00",0%
162,Crocs,Toddler's Classic Clog,"35,00","35,00",0%
163,Crocs,Toddler's Classic Clog,"35,00","35,00",0%
164,Puma,Women's Mayze Liberty,"120,00","120,00",0%
165,Puma,Women's Suede Mayu Raw,"110,00","110,00",0%
166,Reebok,LT Court,"110,00","110,00",0%
167,Reebok,LT Court,"110,00","110,00",0%
168,Reebok,LT Court,"110,00","110,00",0%
169,Reebok,NPC UK II Vegan,"90,00","90,00",0%
170,adidas,Women's Triple Platforum Low,"150,00","150,00",0%
171,adidas,Ultraboost 5.0 DNA,"180,00","180,00",0%
172,Puma,Muenster Classic,"100,00","100,00",0%
173,Puma,Muenster Classic,"100,00","100,00",0%
174,Puma,"Muenster ""The NeverWorn""","110,00","110,00",0%
175,Puma,"Blaze Of Glory ""The NeverWorn""","140,00","140,00",0%
176,Puma,Wild Rider G x Neymar Jr.,"110,00","110,00",0%
177,Puma,City Rider,"90,00","90,00",0%
178,Puma,Women's Cali Dream Go For ,"110,00","110,00",0%
179,Puma,Suede Crepe Leather,"130,00","130,00",0%
180,Puma,Suede Crepe Leather,"130,00","130,00",0%
181,Puma,Women's Suede Mayu ST ,"110,00","110,00",0%
182,Puma,Women's Mayze ST,"110,00","110,00",0%
183,Puma,Women's Mayze Leather,"100,00","100,00",0%
184,Vans Vault,Women's Sk8-Hi LX OG x Sarah Andelman,"120,00","120,00",0%
185,Vans Vault,Women's Style 24 OG NTC x Sarah Andelman,"100,00","100,00",0%
186,Le Coq Sportif,R1000 Street Craft,"115,00","115,00",0%
187,Le Coq Sportif,R1000 Street Craft,"115,00","115,00",0%
188,RAF SIMONS,Solaris High,"620,00","620,00",0%
189,RAF SIMONS,Solaris High,"620,00","620,00",0%
190,Reebok,Club C 85 Vintage,"100,00","100,00",0%
191,Reebok,Club C 85 x Eames House,"120,00","120,00",0%
192,Reebok,Club C 85 x Eames House,"120,00","120,00",0%
193,Converse,Chuck 70 Hi x Joshua Vides,"110,00","110,00",0%
194,Converse,Pro Leather OX x Joshua Vides,"100,00","100,00",0%
195,Converse,Weapon CX Hi x Joshua Vides,"120,00","120,00",0%
196,Salomon,Odyssey 1 Advanced,"170,00","170,00",0%
197,Jordan,"Women's Air Jordan 1 Elevate Low SE ""Bred""","140,00","140,00",0%
198,Jordan,"Women's Air Jordan 6 Retro ""Mint Foam""","200,00","200,00",0%
199,Nike,Women's Air Max Furyosa,"150,00","150,00",0%
200,Reebok,Club C Revenge,"90,00","90,00",0%
201,adidas,Ultraboost Web DNA,"180,00","180,00",0%
202,Asics,Gel-1130,"100,00","100,00",0%
203,Asics,Gel-1130,"100,00","100,00",0%
204,Asics,Gel-Lyte III OG,"140,00","140,00",0%
205,Nike, Air Max Terrascape 90 ,"150,00","150,00",0%
206,Nike, Air Max Terrascape 90 ,"150,00","150,00",0%
207,adidas,Equipment CSG 91 GTX,"160,00","160,00",0%
208,adidas,Equipment Support 93 GTX,"160,00","160,00",0%
209,Jordan,Women's Jordan MA2 ,"130,00","130,00",0%
210,Nike,ACG Mountain Fly Low GTX ,"180,00","180,00",0%
211,Nike,Air Max Terrascape Plus ,"180,00","180,00",0%
212,Jordan,"Air Jordan 1 Element ""Black Particle Grey""","180,00","180,00",0%
213,Nike,"ACG Air Mada ""Ash Green""","145,00","145,00",0%
214,Nike,"ACG Air Mada ""Black""","145,00","145,00",0%
215,adidas Y-3,Hicho,"280,00","280,00",0%
216,adidas Y-3,Hicho,"280,00","280,00",0%
217,adidas Y-3,Runner 4D Halo,"400,00","400,00",0%
218,adidas Y-3,Qisan Cozy,"350,00","350,00",0%
219,adidas,Ozweego Celox,"120,00","120,00",0%
220,adidas,Stan Smith,"100,00","100,00",0%
221,adidas,Stan Smith,"100,00","100,00",0%
222,adidas,Supernova Cushion 7,"130,00","130,00",0%
223,Nike,Women's Air Max Pre-Day,"135,00","135,00",0%
224,Nike,Women's Waffle One SE,"110,00","110,00",0%
225,Nike,Women's Fontanka Waffle ,"100,00","100,00",0%
226,Rick Owens,Leather Geth Runner,"880,00","880,00",0%
227,Rick Owens,Turbo Cyclop Sandals,"1.720,00","1.720,00",0%
228,Rick Owens,Turbo Cyclop Sandals,"1.720,00","1.720,00",0%
229,Rick Owens,Beatle Ballast Boots,"1.345,00","1.345,00",0%
230,Rick Owens,Beatle Turbo Cyclops Boots,"1.595,00","1.595,00",0%
231,adidas,Women's ZX 8000 x Disney ,"130,00","130,00",0%
232,adidas,Women's Superstar ,"110,00","110,00",0%
233,adidas,Women's Vegan Superstar,"100,00","100,00",0%
234,Reebok,AZ II,"100,00","100,00",0%
235,Reebok,Victory G,"140,00","140,00",0%
236,Asics,Gel-Lyte III OG ,"140,00","140,00",0%
237,Asics,Gel-Lyte III OG ,"140,00","140,00",0%
238,New Balance,991 Made in UK,"230,00","230,00",0%
239,adidas,Women's Nizza Platform x Disney ,"90,00","90,00",0%
240,Converse,"Chuck 70 OX ""Python"" x GOLF WANG","120,00","120,00",0%
241,Converse,"Chuck 70 OX ""Python"" x GOLF WANG","120,00","120,00",0%
242,Nike,"Air Force 1 Experimental ""Halloween""","140,00","140,00",0%
243,adidas,Superstar 82 Panel,"120,00","120,00",0%
244,adidas Consortium,Campus 80 X Large ,"100,00","100,00",0%
245,adidas,Forum Premiere,"200,00","200,00",0%
246,Reebok,Victory G,"140,00","140,00",0%
247,Nike,Women's Air Max Pre-Day  ,"135,00","135,00",0%
248,Nike,Women's Air Force Fontanka ,"110,00","110,00",0%
249,Nike,"Women's Air Force 1 '07 Low ""Coconut Milk""","130,00","130,00",0%
250,Nike,Women's Icon Classic Sandals,"60,00","60,00",0%
251,Nike,Women's Icon Classic Sandals,"60,00","60,00",0%
252,Nike,ACG Mountain Fly Low GTX ,"180,00","180,00",0%
253,adidas,TRX Vintage,"100,00","100,00",0%
254,Jordan,"Air Jordan 1 Zoom Air CMFT ""Pumpkin Spice"" ","140,00","140,00",0%
255,adidas,G.S,"120,00","120,00",0%
256,Nike,Dunk High 1985 x Undercover,"150,00","150,00",0%
257,adidas,Forum 84 Hi,"130,00","130,00",0%
258,adidas,Nizza Hi x Alife,"100,00","100,00",0%
259,adidas,Nizza Hi x Alife,"100,00","100,00",0%
260,adidas,Forum Premiere,"200,00","200,00",0%
261,Dr. Martens,1460 Futura EMB,"230,00","230,00",0%
262,Dr. Martens,1460 Futura Dms,"230,00","230,00",0%
263,adidas,Forum 84 Hi AEC ,"200,00","200,00",0%
264,adidas,Forum 84 Hi AEC ,"200,00","200,00",0%
265,adidas,Ultraboost 1.0 DNA,"180,00","180,00",0%
266,Dr. Martens,1460 Toe Cap Bex,"250,00","250,00",0%
267,New Balance,327,"120,00","120,00",0%
268,adidas,Stan Smith,"100,00","100,00",0%
269,Nike,Air Max Pre-Day ,"130,00","130,00",0%
270,Nike SB,Bruin React,"100,00","100,00",0%
271,Converse,Chuck 70 Hi,"95,00","95,00",0%
272,Converse,"Chuck 70 Hi ""75th Anniversary"" x NBA","110,00","110,00",0%
273,Converse,Chuck 70 Canvas LTD Hi,"160,00","160,00",0%
274,Converse,Chuck 70 Canvas LTD Hi,"160,00","160,00",0%
275,Asics,Gel-Venture 6,"85,00","85,00",0%
276,Asics,Gel-Venture 6,"85,00","85,00",0%
277,Asics,Gel-Venture 6,"85,00","85,00",0%
278,Rick Owens,Beatle Turbo Cyclops ,"1.460,00","1.460,00",0%
279,Rick Owens,Leather Geobasket Sneakers ,"885,00","885,00",0%
280,Rick Owens DRKSHDW,Woven Sneakers ,"510,00","510,00",0%
281,Rick Owens DRKSHDW,Abstract Sneakers ,"590,00","590,00",0%
282,Rick Owens,Leather Geth Runner ,"780,00","780,00",0%
283,Rick Owens DRKSHDW,Woven Low Sneakers,"420,00","420,00",0%
284,Reebok,Zig Kinetica II EDG,"180,00","180,00",0%
285,Vans Vault,Old Skool V Platform LX x Sarah Andelman,"100,00","100,00",0%
286,Jordan,Delta 2 SE,"140,00","140,00",0%
287,Nike,Women's Waffle One ,"100,00","100,00",0%
288,Nike,Air VaporMax Evo ,"225,00","225,00",0%
289,Converse,Women's Chuck 70 Hi ,"95,00","95,00",0%
290,Vans Vault,Authentic LX OG x Julia Chiang,"90,00","90,00",0%
291,Nike,"Dunk High 1985 SP ""Yellow Strike""","130,00","130,00",0%
292,Nike,"Dunk High 1985 SP ""Team Orange""","130,00","130,00",0%
293,Nike,"Lebron IX ""Big Bang""","240,00","240,00",0%
294,11 By Boris Bidjan Saberi,Bamba 2 Low x Salomon,"420,00","420,00",0%
295,11 By Boris Bidjan Saberi,Bamba 2 Low x Salomon,"420,00","420,00",0%
296,11 By Boris Bidjan Saberi,Bamba 5 x Salomon,"395,00","395,00",0%
297,11 By Boris Bidjan Saberi,Bamba 2 High GTX x Salomon,"465,00","465,00",0%
298,Vans,Chukka 49 DX,"100,00","100,00",0%
299,Vans,Chukka 49 DX,"100,00","100,00",0%
300,Vans,Style 73 DX,"95,00","95,00",0%
301,Vans,Style 73 DX,"95,00","95,00",0%
302,adidas Consortium,Japan x Wales Bonner,"160,00","160,00",0%
303,adidas,Ultraboost COLD.RDY Lab,"180,00","180,00",0%
304,adidas,Ultraboost Web DNA,"180,00","180,00",0%
305,Converse,Chuck 70 Hi ,"95,00","95,00",0%
306,Asics,Gel-Lyte III OG ,"130,00","130,00",0%
307,Vans Vault,"Style 45 LX OG ""Maritime""","120,00","120,00",0%
308,Vans Vault,"Style 45 LX OG ""Maritime""","120,00","120,00",0%
309,Vans Vault,"Style 45 LX OG ""Maritime""","120,00","120,00",0%
310,Vans Vault,Old Skool VR3 LX,"100,00","100,00",0%
311,Vans Vault,Old Skool VR3 LX,"100,00","100,00",0%
312,Vans Vault,Old Skool VR3 LX,"100,00","100,00",0%
313,Vans Vault,Classic Slip-On VLT LX x Dobale,"90,00","90,00",0%
314,Vans Vault,Era VLT LX x Dobale,"95,00","95,00",0%
315,Vans Vault,Bold NI LX x Dobale,"100,00","100,00",0%
316,Vans Vault,Authentic LX OG x Javier Calleja,"110,00","110,00",0%
317,Vans Vault,Chukka Boot LX OG x Javier Calleja,"130,00","130,00",0%
318,Vans Vault,Sk8-Hi LX OG x Javier Calleja,"140,00","140,00",0%
319,Nike SB,Nyjah Free 2,"95,00","95,00",0%
320,Nike,Women's Air Max Pre-Day ,"130,00","130,00",0%
321,HOKA One One,Hopara,"100,00","100,00",0%
322,HOKA One One,Clifton 8,"140,00","140,00",0%
323,Saucony,Jazz 81 x Hommewrk by Trinidad James,"130,00","130,00",0%
324,Rick Owens DRKSHDW,Drkstar HI x Converse,"170,00","170,00",0%
325,Rick Owens DRKSHDW,Drkstar OX x Converse,"165,00","165,00",0%
326,adidas Consortium,Japan x Wales Bonner,"180,00","180,00",0%
327,adidas Consortium,Japan x Wales Bonner ,"180,00","180,00",0%
328,adidas Consortium,Japan x Wales Bonner ,"160,00","160,00",0%
329,Jordan,"Air Jordan 1 Low SE ""Orange Olive""","120,00","120,00",0%
330,Nike,Waffle Trainer 2,"95,00","95,00",0%
331,adidas,Streetball II ,"140,00","140,00",0%
332,adidas,Niteball,"120,00","120,00",0%
333,adidas,Niteball,"120,00","120,00",0%
334,adidas,Ultraboost Climacool 2 DNA,"180,00","180,00",0%
335,Nike,ZoomX Vaporfly NEXT% 2,"250,00","250,00",0%
336,Nike,"Air Max 90 SE ""Running Club""","150,00","150,00",0%
337,Nike,"Air Max 97 SE ""Running Club""","190,00","190,00",0%
338,Nike,Air Max Terrascape Plus,"180,00","180,00",0%
339,adidas,Ozrah x Guccimaze,"140,00","140,00",0%
340,adidas,Stan Smith,"150,00","150,00",0%
341,Nike SB,Force 58 Premium,"80,00","80,00",0%
342,Nike SB,Force 58 ,"75,00","75,00",0%
343,adidas,Women's Ultraboost 5.0 DNA,"180,00","180,00",0%
344,Nike,Women's Air Force 1 Sculpt ,"130,00","130,00",0%
345,adidas,Superstar 82,"120,00","120,00",0%
346,Converse,Women's Chuck 70 Mule,"80,00","80,00",0%
347,Converse,Women's Chuck 70 Mule,"80,00","80,00",0%
348,Nike,"Air Trainer 1 SP ""Coriander""","150,00","150,00",0%
349,Nike,Victori One Slides,"30,00","30,00",0%
350,Nike,Women's Waffle One SE,"110,00","110,00",0%
351,Nike,Blazer Mid '77 Jumbo,"110,00","110,00",0%
352,Nike,Blazer Low '77 Jumbo,"95,00","95,00",0%
353,adidas,Women's Astir,"110,00","110,00",0%
354,Nike,"Blazer Low ""Night Maroon"" x ACRONYM","140,00","140,00",0%
355,adidas,Ultraboost 21 COLD.RDY,"180,00","180,00",0%
356,adidas,Women's Her Court,"110,00","110,00",0%
357,adidas,Women's Stan Smith x Disney,"110,00","110,00",0%
358,Jordan,Women's Air Jordan 1 Acclimate ,"150,00","150,00",0%
359,Converse,Chuck 70 Canvas LTD Hi ,"120,00","120,00",0%
360,adidas,Women's Astir ,"110,00","110,00",0%
361,Le Coq Sportif,LCS R1000 Colors,"105,00","105,00",0%
362,Le Coq Sportif,LCS R1000 Colors,"105,00","105,00",0%
363,adidas,Superstar 82,"120,00","120,00",0%
364,adidas,"Trae Young 1 ""Pixels""","130,00","130,00",0%
365,adidas,Ultra 4D,"220,00","220,00",0%
366,Clarks,Wallabee,"180,00","180,00",0%
367,adidas,SuperNova Cushion 7 ,"120,00","120,00",0%
368,Nike,Air Zoom Tempo NEXT% ,"200,00","200,00",0%
369,Nike,Air VaporMax 2021 FK ,"220,00","220,00",0%
370,Nike,Women's Waffle One ,"100,00","100,00",0%
371,Nike,Women's Air Max 90 ,"140,00","140,00",0%
372,Asics,Gel-Kinsei Blast ,"200,00","200,00",0%
373,Asics,Gel-Lyte III RE ,"130,00","130,00",0%
374,Asics,Gel-Lyte III RE ,"130,00","130,00",0%
375,Converse,Jack Purcell OX x Todd Snyder,"105,00","105,00",0%
376,Converse,Chuck 70 Hi x Todd Snyder,"130,00","130,00",0%
377,Clarks,Weaver,"160,00","160,00",0%
378,Clarks,Weaver,"160,00","160,00",0%
379,Nike,Women's Air Huarache ,"120,00","120,00",0%
380,Converse,Chuck 70 Canvas LTD Hi,"160,00","160,00",0%
381,Converse,Chuck 70 OX,"90,00","90,00",0%
382,Converse,Chuck 70 HI,"95,00","95,00",0%
383,Converse,Chuck 70 Canvas LTD Hi,"160,00","160,00",0%
384,adidas,Campus 80 x XLarge ,"100,00","100,00",0%
385,adidas,"Hu NMD x Billionaire Boys Club ""Running Dog""","220,00","220,00",0%
386,Nike,Air Max 95 NH  ,"180,00","180,00",0%
387,New Balance,XC72,"120,00","120,00",0%
388,New Balance,57/40,"120,00","120,00",0%
389,Asics,Gel-Lyte III OG,"130,00","130,00",0%
390,Asics,Gel-Lyte III OG ,"140,00","140,00",0%
391,New Balance,57/40,"120,00","120,00",0%
392,New Balance,574,"100,00","100,00",0%
393,Le Coq Sportif,LCS R1000 OG,"105,00","105,00",0%
394,adidas Consortium,Barrowland SPZL,"100,00","100,00",0%
395,adidas Consortium,Lothertex SPZL,"110,00","110,00",0%
396,adidas Consortium,Winterhill SPZL,"140,00","140,00",0%
397,adidas Consortium,Barrowland SPZL,"100,00","100,00",0%
398,adidas,Ultraboost 5.0 DNA,"180,00","180,00",0%
399,adidas,Lone Star,"110,00","110,00",0%
400,Hender Scheme,Manual Industrial Products 25,"790,00","790,00",0%
401,Nike,Victori One Slides,"30,00","30,00",0%
402,Saucony,Shadow 6000 x Feature de USA,"170,00","170,00",0%
403,Nike,Women's Air Force 1 High Sculpt ,"130,00","130,00",0%
404,Nike,Air Force 1 Boot NN ,"180,00","180,00",0%
405,Nike, Offline 2.0,"130,00","130,00",0%
406,Nike,Air VaporMax 2021 FK ,"220,00","220,00",0%
407,adidas,Ultraboost Web DNA,"180,00","180,00",0%
408,adidas,Ultraboost CC_1 DNA,"180,00","180,00",0%
409,adidas,Superstar 82,"120,00","120,00",0%
410,Puma,Women's Cruise Rider Silk Road,"100,00","100,00",0%
411,New Balance,920,"220,00","220,00",0%
412,adidas,Superstar,"100,00","100,00",0%
413,adidas,Superstar 82,"120,00","120,00",0%
414,Nike,Women's Air Huarache SP,"130,00","130,00",0%
415,Puma,Mirage Sport Go For,"110,00","110,00",0%
416,New Balance,Women's 327,"120,00","120,00",0%
417,New Balance,Women's 327,"120,00","120,00",0%
418,New Balance,Women's 327,"120,00","120,00",0%
419,Nike,Women's Air Force 1 Fontanka ,"110,00","110,00",0%
420,Puma,Wild Rider x Neymar Jr.,"110,00","110,00",0%
421,New Balance,Women's 327,"120,00","120,00",0%
422,New Balance,574,"120,00","120,00",0%
423,New Balance,574,"100,00","100,00",0%
424,Converse,Chuck 70 Hi Light ,"105,00","105,00",0%
425,adidas,"Women's ZX 10,000 C x Disney","130,00","130,00",0%
426,adidas,Women's Astir,"100,00","100,00",0%
427,Vans,Authentic 44 DX ,"80,00","80,00",0%
428,Vans,Authentic 44 DX ,"80,00","80,00",0%
429,Vans,Half Cab 33 DX ,"95,00","95,00",0%
430,Vans,Authentic 44 DX ,"80,00","80,00",0%
431,Vans,Authentic 44 DX ,"80,00","80,00",0%
432,Vans,Authentic 44 DX ,"80,00","80,00",0%
433,Vans,Old Skool 36 DX ,"95,00","95,00",0%
434,adidas,Terrex Hyperblue,"110,00","110,00",0%
435,Vans,Authentic 44 DX ,"100,00","100,00",0%
436,Nike,Women's Air Max Furyosa,"150,00","150,00",0%
437,Jordan,Women's Air Jordan 1 Acclimate,"150,00","150,00",0%
438,Nike,Blazer Mid '77 Jumbo,"110,00","110,00",0%
439,Nike,Air Max 96 II,"175,00","175,00",0%
440,Converse,"Women's Chuck 70 Hi ""Crafted With Love""","95,00","95,00",0%
441,Nike,Air Max 96 II,"175,00","175,00",0%
442,Nike SB,Force 58,"75,00","75,00",0%
443,Nike,Air Force 1 Boots NN,"180,00","180,00",0%
444,adidas Y-3,Ajatu Court Formal,"250,00","250,00",0%
445,Puma,Wild Rider Grip LS,"110,00","110,00",0%
446,Jordan,"Air Jordan 6 Retro Low (GS) ""Atmosphere""","140,00","140,00",0%
447,Jordan,"Women's Air Jordan 5 Retro Low ""Arctic Pink""","210,00","210,00",0%
448,Nike, Offline 2.0,"130,00","130,00",0%
449,Nike,Air Force 1 '07 LX NN,"120,00","120,00",0%
450,Nike,Blazer Low '77 Jumbo,"95,00","95,00",0%
451,adidas,Trae Young 1,"130,00","130,00",0%
452,adidas,Retropy E5,"120,00","120,00",0%
453,Puma,Wild Rider Grip LS,"110,00","110,00",0%
454,adidas,Ultraboost 1.0 DNA,"180,00","180,00",0%
455,adidas,Ultraboost 5.0 DNA,"180,00","180,00",0%
456,adidas,Superstar 82,"130,00","130,00",0%
457,Nike,Air Max 90 NRG,"140,00","140,00",0%
458,adidas,Ultraboost DNA x LEGO,"180,00","180,00",0%
459,adidas,Ultraboost DNA x LEGO,"180,00","180,00",0%
460,Puma,Women's Cruise Rider Flair,"100,00","100,00",0%
461,adidas Consortium,Scuba Phormar x Craig Green,"250,00","250,00",0%
462,adidas Consortium,Scuba Phormar x Craig Green,"250,00","250,00",0%
463,Puma,Women's Cali Star,"90,00","90,00",0%
464,Nike,Waffle Trainer 2 ,"90,00","90,00",0%
465,New Balance,"991 ""Made in England""","230,00","230,00",0%
466,HOKA One One,Bondi L,"170,00","170,00",0%
467,Converse,Weapon Cx Mid,"110,00","110,00",0%
468,HOKA One One,Ora Recovery Slides,"50,00","50,00",0%
469,Nike,Waffle Trainer 2,"90,00","90,00",0%
470,Nike,Women's Print Victori One Slides,"35,00","35,00",0%
471,Nike, Victori One Slides,"30,00","30,00",0%
472,Nike, Victori One Slides,"30,00","30,00",0%
473,Nike, Victori One Slides,"30,00","30,00",0%
474,Nike SB,Shane Premium,"85,00","85,00",0%
475,11 By Boris Bidjan Saberi,Bamba 2 High GTX x Salomon,"540,00","540,00",0%
476,11 By Boris Bidjan Saberi,Bamba 2 High x Salomon,"480,00","480,00",0%
477,11 By Boris Bidjan Saberi,Bamba 5 x Salomon,"395,00","395,00",0%
478,Reebok,Woman's Club C Double Geo,"100,00","100,00",0%
479,adidas,Retropy E5,"120,00","120,00",0%
480,adidas,Women's Forum Bold,"110,00","110,00",0%
481,Converse,Chuck Taylor All Star CX FlyEase,"95,00","95,00",0%
482,Converse,Chuck Taylor All Star CX FlyEase,"95,00","95,00",0%
483,Puma,RS-Z Re.Gen,"120,00","120,00",0%
484,Nike,Air VaporMax 2021 FK,"220,00","220,00",0%
485,Nike,Air VaporMax 2021 FK,"220,00","220,00",0%
486,Nike,Women's Waffle One,"100,00","100,00",0%
487,Comme des Garçons Play,Chuck 70 Hi x Converse,"140,00","140,00",0%
488,adidas Y-3,Kaiwa,"350,00","350,00",0%
489,adidas Y-3,Shiku Run,"330,00","330,00",0%
490,adidas,Superturf Adventure x Sean Wotherspoon x Atmos,"160,00","160,00",0%
491,Rick Owens,Beatle Bozo Tractor,"890,00","890,00",0%
492,Rick Owens,Beatle Bozo Tractor ,"890,00","890,00",0%
493,Rick Owens,Hiking Tractor,"1.305,00","1.305,00",0%
494,Nike,Jordan MA2,"130,00","130,00",0%
495,adidas,Forum x Home Alone,"110,00","110,00",0%
496,Nike,Women's Dunk High Up ,"120,00","120,00",0%
497,Nike, Free Terra Vista,"120,00","120,00",0%
498,Nike, Waffle Trainer 2,"90,00","90,00",0%
499,Converse,Chuck Canvas 70 LTD OX,"160,00","160,00",0%
500,Converse,"Chuck 70 Canvas LTD Hi ""Trek""","200,00","200,00",0%
501,Nike,Women's Dunk High Up,"120,00","120,00",0%
502,Nike,Women's Blazer Low '77 Jumbo,"95,00","95,00",0%
503,Nike,Women's Blazer Low '77 Jumbo,"95,00","95,00",0%
504,Converse,"Chuck 70 Canvas LTD Hi ""Trek""","200,00","200,00",0%
505,adidas,Niteball,"120,00","120,00",0%
506,adidas,Niteball,"120,00","120,00",0%
507,Hender Scheme,Leather Slippers,"145,00","145,00",0%
508,adidas,Superturf Adventure,"160,00","160,00",0%
509,adidas,ZX 5K Boost Lerna,"160,00","160,00",0%
510,adidas,Superstar 82,"120,00","120,00",0%
511,adidas,Ultraboost 5.0 DNA,"180,00","180,00",0%
512,adidas,"Ultraboost DNA ""Mono CNY""","180,00","180,00",0%
513,adidas,Women's Adilette Bonega,"80,00","80,00",0%
514,Rick Owens,Leather Sneakers,"805,00","805,00",0%
515,Rick Owens,Leather Geobasket,"805,00","805,00",0%
516,Rick Owens,Leather Geobasket,"880,00","880,00",0%
517,Rick Owens,Leather Low Sneakers,"675,00","675,00",0%
518,Puma,Women's Suede Mayu Up,"110,00","110,00",0%
519,Puma,Women's Cali Dream Leather,"100,00","100,00",0%
520,Puma,Women's Cali Dream Metal,"100,00","100,00",0%
521,Puma,Kid's Suede Tiny PS,"65,00","65,00",0%
522,Puma,Kid's Suede Tiny PS,"65,00","65,00",0%
523,Puma,Basket VTG,"90,00","90,00",0%
524,Puma,Women's Suede Mayu Mix ,"100,00","100,00",0%
525,Jordan,"Jordan 1 Retro High OG (TD) ""Patent Bread""","60,00","60,00",0%
526,Puma,Mirage Sport SC,"130,00","130,00",0%
527,Puma,"Slipstream Low VTG ""The NeverWorn""","110,00","110,00",0%
528,Puma,"Suede VTG ""The NeverWorn""","100,00","100,00",0%
529,Puma,Women's Suede Mayu Up,"110,00","110,00",0%
530,Puma,Basket VTG,"90,00","90,00",0%
531,Puma,Women's Suede Mayu Leather Slip-On,"90,00","90,00",0%
532,Puma,Women's Suede Mayu Leather Slip-On,"90,00","90,00",0%
533,Puma,Muenster OG,"110,00","110,00",0%
534,Puma,Muenster OG,"110,00","110,00",0%
535,Hender Scheme,Manual Industrial Products 14 Boots,"815,00","815,00",0%
536,Nike,Women's Air Huarache,"120,00","120,00",0%
537,Nike,Women's Blazer Mid '77 Jumbo,"110,00","110,00",0%
538,adidas,"Forum 84 Low ""Candy Cane""","100,00","100,00",0%
539,adidas,"Forum 84 Hi ""Candy Cane""","120,00","120,00",0%
540,Nike,Free Terra Vista,"120,00","120,00",0%
541,Nike,Air Huarache LE,"120,00","120,00",0%
542,Saucony,"Shadow 6000 ""White Rabbit"" x Extra Butter","150,00","150,00",0%
543,Converse,Run Star Hike Hi,"70,00","140,00",50%
544,Converse,Women's Run Star Motion OX,"110,00","110,00",0%
545,Converse,Chuck 70 Utility Hi,"140,00","140,00",0%
546,Converse,Women's Run Star Motion OX,"110,00","110,00",0%
547,Le Coq Sportif,Tennis,"105,00","105,00",0%
548,Saucony,Shadow 6000 x Alife ,"150,00","150,00",0%
549,Salomon,XT-Wings 2 ,"145,00","145,00",0%
550,Le Coq Sportif,Tennis,"105,00","105,00",0%
551,Le Coq Sportif,Olympia Winter Arpin,"250,00","250,00",0%
552,adidas,Women's Stan Smith ,"100,00","100,00",0%
553,Jordan,"Women's Air Jordan 14 Retro Low ""Shocking Pink""","190,00","190,00",0%
554,adidas,Gazelle ADV x Paradigme,"110,00","110,00",0%
555,adidas,Forum Low,"100,00","100,00",0%
556,New Balance,992 Made in USA,"250,00","250,00",0%
557,New Balance,920 V1 Made in UK,"220,00","220,00",0%
558,Nike,Air Pegasus 83 Premium,"100,00","100,00",0%
559,Converse,Chuck 70 Hi,"100,00","100,00",0%
560,adidas,Streetball II,"140,00","140,00",0%
561,adidas,Women's Stan Smith ,"120,00","120,00",0%
562,Nike,Women's Air More Uptempo,"160,00","160,00",0%
563,adidas,"Dame 8 ""Dame Time""","120,00","120,00",0%
564,adidas,ZX 5K Boost ,"160,00","160,00",0%
565,Reebok,Zig Kinetica II Edge,"130,00","130,00",0%
566,Reebok,Club C Revenge Vintage,"100,00","100,00",0%
567,adidas,Women's Forum Bonega,"110,00","110,00",0%
568,adidas,Streetball II,"140,00","140,00",0%
569,Reebok,Women's Classic Leather x Cardi B,"120,00","120,00",0%
570,Reebok,Women's Classic Leather x Cardi B,"120,00","120,00",0%
571,adidas,Streetball II,"140,00","140,00",0%
572,adidas,Women's Forum Bonega Mid,"120,00","120,00",0%
573,Nike SB,Zoom Blazer Mid Premium,"110,00","110,00",0%
574,adidas,Forum Low,"100,00","100,00",0%
575,adidas,Women's ZX 5K Boost,"160,00","160,00",0%
576,Nike,Air Pegasus 83 Premium,"100,00","100,00",0%
577,Clarks,Wallabee Boots x Sweet Chick,"190,00","190,00",0%
578,Clarks,Wallabee Boots x Sweet Chick,"190,00","190,00",0%
579,Puma,Women's Mayze Flutur x Dua Lipa,"130,00","130,00",0%
580,Nike,Air VaporMax 2021 FK,"220,00","220,00",0%
581,Nike,Women's Air Force 1 Fontanka,"110,00","110,00",0%
582,Reebok,Women's Classic Leather x Cardi B,"120,00","120,00",0%
583,Rick Owens DRKSHDW,Performance Runner x VEJA,"250,00","250,00",0%
584,Vans Vault,Chukka Sierra LX OG,"90,00","90,00",0%
585,Rick Owens DRKSHDW,Performance Runner x VEJA,"250,00","250,00",0%
586,adidas,Women's Ultraboost 5.0 DNA,"180,00","180,00",0%
587,adidas,Women's Bryony x Disney,"110,00","110,00",0%
588,New Balance,990 V3 Made in USA,"220,00","220,00",0%
589,Nike,Air Huarache ,"130,00","130,00",0%
590,Le Coq Sportif,"LCS R1000 x SVD ""Energy Rooster""","180,00","180,00",0%
591,Converse,Weapon Cx Mid University,"120,00","120,00",0%
592,Converse,Women's Chuck 70 Hi,"95,00","95,00",0%
593,adidas,Hu NMD x Billionaire Boys Club,"220,00","220,00",0%
594,Nike,"LeBron 9 ""Watch the Throne""","200,00","200,00",0%
595,Vans Vault,Authentic VLT LX,"120,00","120,00",0%
596,Vans Vault,Old Skool VLT LX,"110,00","110,00",0%
597,Vans Vault,Sk8-Hi Reissue V VLT LX,"120,00","120,00",0%
598,Vans Vault,Old Skool V VLT LX,"110,00","110,00",0%
599,Vans Vault,Old Skool V VLT LX,"110,00","110,00",0%
600,Vans Vault,Chukka Sierra LX OG,"90,00","90,00",0%
601,Vans,Old Skool 36 DX,"95,00","95,00",0%
602,Vans,Authentic 44 DX,"85,00","85,00",0%
603,Vans,Authentic 44 DX,"85,00","85,00",0%
604,Nike,"Air Max Plus SE ""Running Club""","180,00","180,00",0%
605,Nike,Air Max 90 NRG,"140,00","140,00",0%
606,Nike,Women's Air Force 1 High Sculpt,"130,00","130,00",0%
607,Nike,Air Flight Lite Mid,"120,00","120,00",0%
608,VEJA,Women's V-10 Leather,"130,00","130,00",0%
609,VEJA,V-10 Leather,"130,00","130,00",0%
610,VEJA,V-12 Leather,"130,00","130,00",0%
611,VEJA,V-10 Leather,"130,00","130,00",0%
612,VEJA,Venturi Alveo Mesh,"155,00","155,00",0%
613,VEJA,Women's Venturi Suede,"155,00","155,00",0%
614,VEJA,Women's Nova Canvas,"85,00","85,00",0%
615,Vans Vault,Chukka Boot VLT Lx x Cali Thornhill Dewitt,"95,00","95,00",0%
616,Vans Vault,Classic Slip-On VLT Lx x Cali Thornhill Dewitt,"90,00","90,00",0%
617,Vans Vault,Sk8-Hi VLT LX x Cali Thornhill Dewitt,"100,00","100,00",0%
618,Vans Vault,Era VLT LX x Cali Thornhill Dewitt,"90,00","90,00",0%
619,Vans Vault,Old Skool VLT x Cali Thornhill Dewitt,"95,00","95,00",0%
620,adidas,Lyon,"110,00","110,00",0%
621,Nike,Zoom 004 x MMW,"450,00","450,00",0%
622,Rick Owens,Women's Gryphon Sandals x Dr. Martens,"148,50","270,00",45%
623,Nike SB,Chron 2,"65,00","65,00",0%
624,Nike,Air Force 1 '07,"120,00","120,00",0%
625,Suicoke,Depa-ECS,"72,50","145,00",50%
626,Suicoke,Von Slides,"47,50","95,00",50%
627,Reebok,Legacy 83 [Ree]Cycled,"50,00","100,00",50%
628,Suicoke,DEPA-Cab,"60,00","120,00",50%
629,New Balance,WL574V2,"55,00","100,00",45%
630,Puma,Women's Mayze Glow,"110,00","110,00",0%
631,adidas Consortium,CG Scuba Phormar,"250,00","250,00",0%
632,Nike,Women's Air Force 1 High Sculpt,"120,00","120,00",0%
633,adidas,Forum Low,"100,00","100,00",0%
634,Nike,"Women's Air Max 90 ""Safari""","150,00","150,00",0%
635,Dr. Martens,Black 2976 Chelsea Boots x Neighborhood,"170,50","310,00",45%
636,Le Coq Sportif,LCS R1000,"50,00","100,00",50%
637,Converse,Weapon Cx Mid Kinetic,"60,00","120,00",50%
638,adidas,Ultraboost 22,"190,00","190,00",0%
639,adidas,Ultraboost 22,"190,00","190,00",0%
640,adidas,Ultraboost 22,"190,00","190,00",0%
641,Nike,Be-Do-Win SP,"71,50","130,00",45%
642,Converse,Chuck 70 Utility Hi,"140,00","140,00",0%
643,Converse,Chuck 70 Utility Hi,"70,00","140,00",50%
644,Converse,Chuck 70 Hi ,"55,00","110,00",50%
645,Converse,Chuck 70 Hi ,"47,50","95,00",50%
646,Converse,Chuck 70 Hi ,"47,50","95,00",50%
647,Crocs,Classic Clog,"30,00","50,00",40%
648,adidas,Women's Superstar Bonega,"110,00","110,00",0%
649,Nike,Air Max Pre-Day ,"71,50","130,00",45%
650,adidas,Forum Mid,"110,00","110,00",0%
651,adidas,Forum Mid,"110,00","110,00",0%
652,Puma,Women's Cali Dream,"100,00","100,00",0%
653,Puma,Women's Suede Mayu,"100,00","100,00",0%
654,Puma,Women's Suede Mayu,"100,00","100,00",0%
655,Puma,Women's Suede Mayu,"100,00","100,00",0%
656,Nike,Women's Air Max Pre Day ,"77,00","140,00",45%
657,Nike SB,Zoom Blazer Mid Premium,"110,00","110,00",0%
658,MCQ,IC0 Slides,"120,00","120,00",0%
659,MCQ,Orbyt Descender 2.0,"275,00","275,00",0%
660,Jordan,Women’s Air Jordan 11 “Animal Instinct”,"190,00","190,00",0%
661,Jordan,"Air Jordan 13 Retro Low ""Single's Day""","200,00","200,00",0%
662,Vans Vault,Old Skool LX OG,"45,00","90,00",50%
663,Vans Vault,Old Skool LX OG,"45,00","90,00",50%
664,Nike,"Air Huarache LE ""Praline""","71,50","130,00",45%
665,adidas,Stan Smith ,"100,00","100,00",0%
666,adidas,Women's Stan Smith Bonega,"110,00","110,00",0%
667,Nike,"ACG Air Mada ""Vachetta Tan""","145,00","145,00",0%
668,Nike,Blazer Mid '77 Jumbo,"110,00","110,00",0%
669,Le Coq Sportif,Court Aero ,"180,00","180,00",0%
670,Le Coq Sportif,Court Aero ,"180,00","180,00",0%
671,Le Coq Sportif,Gaia Ventile,"120,00","120,00",0%
672,Hombre Niño,Double Foot Wear Suede Shoes ,"132,50","265,00",50%
673,Nike SB,Chron 2,"65,00","65,00",0%
674,Nike,Waffle Trainer 2 SD,"55,00","100,00",45%
675,Vans Vault,Style 36 LX OG,"54,00","90,00",40%
676,adidas,Forum Tech Boost x Xbox,"90,00","180,00",50%
677,Hombre Niño,Double Foot Wear Suede Shoes ,"132,50","265,00",50%
678,Hombre Niño,Double Foot Wear Suede Shoes ,"132,50","265,00",50%
679,Nike,ACG Air Mowabb,"136,00","170,00",20%
680,Nike,ACG Air Mowabb,"93,50","170,00",45%
681,Nike,ACG Air Mowabb,"93,50","170,00",45%
682,Jordan,Women's Air Jordan 1 Acclimate,"150,00","150,00",0%
683,Nike,ACG Mountain Fly GTX,"176,00","220,00",20%
684,Vans Vault,"Mid Zoo Skool VLT LX ""Unstuffed Animal""","130,00","130,00",0%
685,Vans Vault,"Mid Zoo Skool VLT LX ""Unstuffed Animal""","130,00","130,00",0%
686,Vans Vault,Authentic LX,"42,50","85,00",50%
687,Vans Vault,"Mid Zoo Skool VLT LX ""Unstuffed Animal""","130,00","130,00",0%
688,adidas Consortium,Forum Hi Humanchives x Kerwin Frost,"125,00","250,00",50%
689,adidas Consortium,Forum Low Benchmate x Kerwin Frost,"90,00","180,00",50%
690,adidas,NMD_R1,"140,00","140,00",0%
691,adidas,NMD_R1,"140,00","140,00",0%
692,adidas,NMD_R1 Primeblue,"140,00","140,00",0%
693,adidas,Terrex Hikster Low Hiking,"150,00","150,00",0%
694,adidas,Terrex Urban Low Leather Hiking,"140,00","140,00",0%
695,adidas,Terrex Voyager 21 Travel,"100,00","100,00",0%
696,Nike,Free Terra Vista,"66,00","120,00",45%
697,Converse,Run Star Hike Hi,"110,00","110,00",0%
698,New Balance,990 V2 Made in USA ,"220,00","220,00",0%
699,Converse,Tech Patchwork Chuck 70 Hi,"75,00","150,00",50%
700,Nike SB,Zoom Blazer Mid Premium,"110,00","110,00",0%
701,Nike,Air Zoom-Type Crater,"82,50","150,00",45%
702,adidas,Forum Low,"100,00","100,00",0%
703,VEJA,V-12,"125,00","125,00",0%
704,adidas,Stan Smith x Star Wars 'Yoda',"66,00","120,00",45%
705,Vans Vault,Slip-On Lx OG x Nigel Cabourn,"55,00","100,00",45%
706,Reebok,Project 0 CC TL x Maison Margiela,"120,00","300,00",60%
707,adidas,Forum Mid ,"110,00","110,00",0%
708,adidas,Ultraboost 1.0 DNA,"180,00","180,00",0%
709,11 By Boris Bidjan Saberi,Bamba 2 High GTX x SVD,"475,00","660,00",28%
710,Vans,Authentic 44 DX,"47,50","95,00",50%
711,Vans Vault,Slip Hiker Lx,"71,50","130,00",45%
712,Vans Vault,Authentic LX,"42,50","85,00",50%
713,Vans Vault,Style 36 ,"50,00","100,00",50%
714,Puma,Women's Cali Dream,"100,00","100,00",0%
715,Vans,Bold Ni,"50,00","100,00",50%
716,Vans,Sk8-Hi 38 ,"60,00","120,00",50%
717,Vans,Sk8-Hi 38 DX,"55,00","110,00",50%
718,adidas,Cord,"50,00","100,00",50%
719,Puma,Women's Cruise Rider Flair,"50,00","100,00",50%
720,Puma,Women's Suede Mayu ,"100,00","100,00",0%
721,Nike,Women's Lahar Low ,"71,50","130,00",45%
722,Jordan,Jordan Series .03 ,"48,00","80,00",40%
723,Crocs,Minions Clog,"40,00","40,00",0%
724,Nike,Women's Internationalist ,"49,50","90,00",45%
725,Dr. Martens,Audrick Nappa Lux 8-Eye Boots,"121,00","220,00",45%
726,Converse,Skid Grip CVO Ox,"37,50","75,00",50%
727,Nike,Women's Air Huarache ,"71,50","130,00",45%
728,Vans,Old Skool 36 DX,"45,00","90,00",50%
729,Vans,SK8-Hi 38 DX,"47,50","95,00",50%
730,Converse,"Chuck 70 Hi ""Trek""","100,00","200,00",50%
731,adidas,Adilette Teddy Bear x Jeremy Scott,"80,00","80,00",0%
732,adidas Consortium,Equipment Prototype,"65,00","130,00",50%
733,adidas Consortium,Equipment Race Walk,"50,00","100,00",50%
734,adidas Consortium,Equipment CSG 91,"65,00","130,00",50%
735,Nike,"Women's Dunk High Up ""Varsity Maize""","120,00","120,00",0%
736,Nike SB,SB Shane,"85,00","85,00",0%
737,Vans,Era 95 DX,"42,50","85,00",50%
738,Vans,UA Style 73 DX,"45,00","90,00",50%
739,Vans,UA Old Skool 36 DX,"45,00","90,00",50%
740,Vans,UA Authentic 44 DX,"40,00","80,00",50%
741,Nike,Free Run Trail,"66,00","120,00",45%
742,adidas,Ultraboost 5.0 DNA,"90,00","180,00",50%
743,adidas,Women's Forum 84 Hi,"71,50","130,00",45%
744,Nike,Women's Blazer Low Platform ,"57,75","105,00",45%
745,Nike,"Air Force 1 '07 Premium ""Halloween""","120,00","120,00",0%
746,Nike,"Dunk Low Retro Premium ""Halloween""","120,00","120,00",0%
747,adidas,Superstar AEC SuperEarth x Sean Wotherspoon,"66,00","110,00",40%
748,RAF SIMONS,Cycloid-4,"365,00","730,00",50%
749,New Balance,991 Made in UK,"210,00","210,00",0%
750,Nike,Free Run Trail,"66,00","120,00",45%
751,Nike,Free Run 2,"60,50","110,00",45%
752,Nike SB,Shane Premium,"85,00","85,00",0%
753,Puma,Women's Cali Dream ,"100,00","100,00",0%
754,Nike,Free Run 2,"60,50","110,00",45%
755,Vans,Bold Ni,"55,00","110,00",50%
756,Jordan,"Women's Air Jordan 1 Mid ""Grey Fog""","120,00","120,00",0%
757,Nike,"Dunk Low Retro ""Midas Gold""","100,00","100,00",0%
758,Nike,Free Terra Vista ,"66,00","120,00",45%
759,adidas,Women's Ultraboost 5.0 DNA,"90,00","180,00",50%
760,Converse,Chuck 70 Canvas LTD Hi,"60,00","120,00",50%
761,Converse,Chuck 70 Hi,"47,50","95,00",50%
762,Nike,"Air Force 1 Mid Jewel ""NYC Cool Grey""","110,00","110,00",0%
763,Nike,"Air Force 1 Mid Jewel ""NYC Midnight Navy""","110,00","110,00",0%
764,RAF SIMONS,Cylon-21,"210,00","420,00",50%
765,RAF SIMONS,Cylon-21,"210,00","420,00",50%
766,Vans,Chukka 49 Dx,"47,50","95,00",50%
767,Converse,Chuck 70 Canvas LTD Hi,"60,00","120,00",50%
768,Nike,Women's Air Force 1 '07 Essential,"100,00","100,00",0%
769,Reebok,Classic Leather Legacy AZ,"50,00","100,00",50%
770,Vans,Old Skool VLT LX x Patta,"50,00","100,00",50%
771,Asics,Gel-Lyte III OG,"65,00","130,00",50%
772,Vans,Sk8-Hi 38 DX,"50,00","100,00",50%
773,Vans,Style 36 VLT Lx,"50,00","100,00",50%
774,Converse,Chuck 70 Hi ,"52,50","105,00",50%
775,Nike,Women's Air Max 90,"70,00","140,00",50%
776,Nike,"Women's Air Force 1 ""Light Bone"" ","120,00","120,00",0%
777,C2H4,Mountain Edition Nightwalker x Vans ,"77,00","140,00",45%
778,C2H4,Era Virtual Reality Alpha x Vans ,"66,00","120,00",45%
779,C2H4,Old Skool x Vans ,"68,75","125,00",45%
780,C2H4,Old Skool x Vans ,"68,75","125,00",45%
781,C2H4,Era Virtual Reality Beta x Vans ,"66,00","120,00",45%
782,Jordan,"Air Jordan 11 Retro Low IE ""Bred""","140,00","175,00",20%
783,Reebok,Ecto Boot  x Ghostbusters,"180,00","180,00",0%
784,Salomon,S/Lab Pulsar Black Limited,"210,00","210,00",0%
785,Birkenstock,Amsterdam,"55,00","55,00",0%
786,New Balance,Redefine,"120,00","120,00",0%
787,New Balance,Women's Color Theory,"90,00","90,00",0%
788,Crocs,Classic Lined Clog,"55,00","55,00",0%
789,Converse,Chuck 70 2 In 1 Hi x Feng Chen Wang,"81,00","180,00",55%
790,Converse,Chuck 70 2 In 1 Hi x Feng Chen Wang,"81,00","180,00",55%
791,Reebok,Workout Plus ,"55,00","110,00",50%
792,Reebok,Beatnik,"72,00","120,00",40%
793,Reebok,Beatnik,"60,00","120,00",50%
794,Crocs,Kid's Classic All Terrain 2 Clog x Space Jam,"24,00","40,00",40%
795,Vans,Authentic 44 DX,"45,00","90,00",50%
796,Reebok,Classic Leather x Keith Haring,"50,00","100,00",50%
797,Reebok,Club C Legacy x Keith Haring,"55,00","110,00",50%
798,Rick Owens,Kid's Leather Geobasket,"445,00","445,00",0%
799,Rick Owens,Kid's Leather Geobasket,"445,00","445,00",0%
800,adidas,Women's Nizza RF Platform,"44,00","80,00",45%
801,Le Coq Sportif,R1000 VG Ventile,"75,00","150,00",50%
802,adidas,ZX 1000 C,"50,00","100,00",50%
803,adidas Y-3,Terrex Swift R3 GTX,"320,00","400,00",20%
804,adidas,Ultraboost DNA x LEGO,"99,00","180,00",45%
805,New Balance,XC72 x Casablanca,"150,00","150,00",0%
806,Nike,LeBron VIII x Space Jam: A New Legacy,"160,00","200,00",20%
807,HOKA One One,Bondi SR,"150,00","150,00",0%
808,Vans,Era 95 DX,"50,00","100,00",50%
809,Vans,Sk8-Hi 38 DX,"55,00","110,00",50%
810,Vans,Sk8-Hi 38 DX,"60,00","120,00",50%
811,Vans,Slip-On 98 DX,"46,75","85,00",45%
812,Vans,Authentic 44 DX ,"42,50","85,00",50%
813,Vans,Authentic 44 DX,"45,00","90,00",50%
814,Vans,"Bold Ni ""Dalmatian""","55,00","110,00",50%
815,Vans,Authentic 44 DX,"42,50","85,00",50%
816,Reebok,Zig Kinetica x Ghostbusters,"30,00","60,00",50%
817,Reebok,Answer IV x Ghostbusters,"200,00","200,00",0%
818,adidas,Sichona x Humanrace,"99,00","180,00",45%
819,Reebok,Club C Cleated Mid x Rothco,"60,00","120,00",50%
820,Hender Scheme,Commando Mule,"575,00","575,00",0%
821,Crocs,Classic Lined Clog,"55,00","55,00",0%
822,Nike,Women's Air Force 1 '07 ,"120,00","120,00",0%
823,Vans,Sk8-Hi 38 DX,"55,00","110,00",50%
824,Vans,Lampin 86 DX,"42,50","85,00",50%
825,Vans,Lampin 86 DX,"42,50","85,00",50%
826,Vans,Lampin 86 DX,"42,50","85,00",50%
827,Vans,Sk8-Hi 38 DX ,"47,50","95,00",50%
828,Vans,Old Skool 36 DX,"100,00","100,00",0%
829,Vans,Authentic 44 DX ,"45,00","90,00",50%
830,Vans,Sk8-Hi 38 DX,"50,00","100,00",50%
831,Crocs,Classic Lined Clog,"55,00","55,00",0%
832,Crocs,Classic Clog ,"30,00","30,00",0%
833,Nike,Women's Air Force 1 Fontanka ,"88,00","110,00",20%
834,Crocs,Classic Clog ,"30,00","30,00",0%
835,Converse,Chuck 70 Hi Sedona ,"60,00","120,00",50%
836,Converse,Chuck 70 Hi Sedona,"60,00","120,00",50%
837,New Balance,574,"67,50","90,00",25%
838,adidas,TRX Mesh,"50,00","100,00",50%
839,RAF SIMONS,Orion,"110,00","220,00",50%
840,RAF SIMONS,Cylon-22,"225,00","450,00",50%
841,RAF SIMONS,Cylon-22,"225,00","450,00",50%
842,RAF SIMONS,Cycloid -4 - 2001,"340,00","680,00",50%
843,RAF SIMONS,Cylon - 21 ,"210,00","420,00",50%
844,adidas,Geodiver +,"60,00","120,00",50%
845,Vans,Sk8-Hi Reissue VLT LX x Patta,"55,00","110,00",50%
846,Dr. Martens,1461 Mono Patent Lamper,"126,50","230,00",45%
847,Nike,Air Huarache LE,"71,50","130,00",45%
848,Vans,Old Skool Platform,"50,00","100,00",50%
849,Vans,Sk8-Hi Reissue LX,"60,50","110,00",45%
850,Vans,EVDNT RW Ultimate Waffle,"62,50","125,00",50%
851,Vans,Slip-On Lx OG,"60,00","120,00",50%
852,New Balance,Women's 5740 V1,"71,50","130,00",45%
853,adidas,Retropy P9,"80,00","160,00",50%
854,Le Coq Sportif,Gaia Velcro,"115,00","115,00",0%
855,adidas Consortium,Campus 80 Bookwork,"50,00","100,00",50%
856,Vans Vault,Authentic Lx OG x Nigel Cabourn,"60,50","110,00",45%
857,Vans Vault,Authentic Lx OG x Nigel Cabourn,"60,50","110,00",45%
858,Vans Vault,Slip-On Lx OG x Nigel Cabourn,"55,00","100,00",45%
859,Vans Vault,Style 24 Lx OG x Nigel Cabourn,"66,00","120,00",45%
860,Nike SB,Blazer Mid ,"85,00","85,00",0%
861,Nike,Women's Air Max Furyosa,"150,00","150,00",0%
862,Reebok,Versa Pump Fury ,"60,00","60,00",0%
863,Nike,Air Huarache ,"71,50","130,00",45%
864,Reebok,Club C Revenge x Jelly Beans,"50,00","100,00",50%
865,Reebok,InstaPump Fury OG x Jelly Beans,"100,00","200,00",50%
866,Reebok,Kid's Club C Revenge x Jelly Beans,"25,00","50,00",50%
867,Nike,Women's Air Huarache ,"66,00","120,00",45%
868,Nike,Free Run 2,"110,00","110,00",0%
869,Converse,CTAS Lugged Winter 2.0 Hi,"60,50","110,00",45%
870,Salomon, XT-4 Advanced,"190,00","190,00",0%
871,Salomon, XT-4 Advanced,"190,00","190,00",0%
872,Nike,"Air Force 1 Low SP x Undefeated ""Dunk Vs AF1""","120,00","120,00",0%
873,Reebok,Zig Kinetica II Edg,"70,00","140,00",50%
874,Reebok,Zig Kinetica II Edg,"70,00","140,00",50%
875,adidas Consortium,Ozrah Ruby9100M,"70,00","140,00",50%
876,adidas Consortium,GSG Mule x 032C,"88,00","160,00",45%
877,adidas Consortium,GSG TR x 032C,"110,00","220,00",50%
878,Converse,One Star OX Mellow Mild,"45,00","90,00",50%
879,Converse,One Star OX Mellow Mild,"45,00","90,00",50%
880,Vans,Amazon TRL ,"85,00","170,00",50%
881,Junya Watanabe MAN,Shoes ,"162,50","325,00",50%
882,Vans,Amazon TRL ,"85,00","170,00",50%
883,Asics,Gel-Lyte III OG,"65,00","130,00",50%
884,Reebok,Workout Plus,"55,00","110,00",50%
885,adidas Consortium,Superturf Adventure x Sean Wotherspoon,"96,00","160,00",40%
886,Crocs,Classic Lined Clog,"55,00","55,00",0%
887,adidas,Terrex Hyperblue Mid R.Rdy,"75,00","150,00",50%
888,Crocs,"Clog x Star Wars ""Mandalorian""","36,00","60,00",40%
889,Boris Bidjan Saberi,Bamba 1.1,"708,00","885,00",20%
890,Puma,Leadcat Slide x Neymar Jr,"25,00","50,00",50%
891,Nike,Women's Air Force 1 Fontanka,"110,00","110,00",0%
892,Reebok,Club C Laceless Mule x BEAMS x Paperboy,"60,00","120,00",50%
893,Nike, Overbreak ,"77,00","140,00",45%
894,Converse,Chuck 70 Hi x Basquiat ,"49,50","110,00",55%
895,Converse,Skid Grip OX x Basquiat,"38,25","85,00",55%
896,adidas,Ultra 4D x University of Miami ,"110,00","220,00",50%
897,adidas,Ultra 4D x Arizona State University ,"110,00","220,00",50%
898,Suicoke,Urich,"50,00","100,00",50%
899,Suicoke,DARE-Sevab,"120,00","240,00",50%
900,VEJA,V-15,"140,00","140,00",0%
901,Suicoke,DARE-Sevab,"120,00","240,00",50%
902,Vans,Authentic LX OG,"45,00","90,00",50%
903,Vans,Authentic LX OG,"49,50","90,00",45%
904,Vans,Authentic LX OG,"45,00","90,00",50%
905,Vans,Style 36 Lx OG,"42,50","85,00",50%
906,Dr. Martens,DM Mura x Suicoke,"126,50","230,00",45%
907,Dr. Martens,DM Mura x Suicoke,"126,50","230,00",45%
908,Reebok,Aztec  II,"50,00","100,00",50%
909,Nike SB,Nyjah Free 2 ,"95,00","95,00",0%
910,adidas,4D Fusio,"100,00","200,00",50%
911,Salomon, XT-4 Advanced,"190,00","190,00",0%
912,Salomon,Raid Wind Advanced,"170,00","170,00",0%
913,Salomon,Raid Wind Advanced,"170,00","170,00",0%
914,Patta,Ranger Mid x Sebago ,"165,00","300,00",45%
915,Patta,Ranger Mid x Sebago ,"165,00","300,00",45%
916,adidas,Orion,"45,00","90,00",50%
917,adidas,Stan Smith ,"55,00","110,00",50%
918,Reebok,Club C 1985 TV,"100,00","100,00",0%
919,Reebok,Club C 1985 TV,"50,00","100,00",50%
920,Reebok,Club C 1985 TV,"50,00","100,00",50%
921,adidas,Glenbuck,"60,50","110,00",45%
922,Jordan,Jordan Delta 2 ,"130,00","130,00",0%
923,Reebok,Instapump Fury,"110,00","220,00",50%
924,Nike SB, SB Chron 2,"65,00","65,00",0%
925,Nike,Waffle Trainer 2 ,"55,00","100,00",45%
926,adidas,Ultraboost 20 x James Bond,"110,00","200,00",45%
927,adidas,Ultraboost 20 x James Bond,"110,00","200,00",45%
928,adidas,Ultraboost 20 x James Bond,"110,00","200,00",45%
929,Vans,Authentic x Aries Arise,"50,00","100,00",50%
930,Vans,Authentic x Aries Arise,"50,00","100,00",50%
931,Vans,Sk8-Mid x Aries Arise,"65,00","130,00",50%
932,Vans,Sk8-Mid x Aries Arise,"65,00","130,00",50%
933,Vans,Chukka Boot x Aries Arise,"60,00","120,00",50%
934,adidas,Triple Platforum Hi x Afropunk,"160,00","160,00",0%
935,Vans Vault,Half Cab EF VLT LX,"50,00","100,00",50%
936,Vans,Sk8-Hi 38 DX,"47,50","95,00",50%
937,Salomon,Odyssey 1 Advance,"170,00","170,00",0%
938,Salomon,Odyssey 1 Advance,"170,00","170,00",0%
939,Salomon,Odyssey 1 Advance,"170,00","170,00",0%
940,Salomon,XT-6 Advance,"180,00","180,00",0%
941,Salomon,XA-Alpine Mid Advanced,"210,00","210,00",0%
942,Salomon,XA-Alpine Mid Advanced,"210,00","210,00",0%
943,Vans Vault,Sk8-Hi Reissue LX,"60,50","110,00",45%
944,Vans,Authentic VTL LX,"50,00","100,00",50%
945,Vans,Danger Acer Mesh NI SP,"45,00","90,00",50%
946,Vans,Danger Acer Mesh NI SP,"45,00","90,00",50%
947,Clarks,Wallabee Boots,"120,00","240,00",50%
948,Nike SB,Adversary Premium,"85,00","85,00",0%
949,New Balance,Higher Learning ,"55,00","100,00",45%
950,Nike SB,Zoom Blazer Mid Premium,"100,00","100,00",0%
951,Nike SB,Zoom Janoski Canvas RM Premium,"85,00","85,00",0%
952,Vans Vault,"Sk8-Hi Reissue LX ""Dream Leather""","60,00","120,00",50%
953,Vans Vault,Sk8-Hi Reissue LX,"55,00","110,00",50%
954,Converse,Pro Leather X2 Tech Hi x Paria Farzaneh,"70,00","140,00",50%
955,Vans Vault,"Sk8-Hi Reissue LX ""True White""","60,00","120,00",50%
956,Vans Vault,Sk8-Hi Reissue LX,"55,00","110,00",50%
957,Crocs,Women's Classic Platform Clog,"60,00","60,00",0%
958,Crocs,Classic Vacay Vibes Clog U,"50,00","50,00",0%
959,Nike SB,Nyjah Free 2,"95,00","95,00",0%
960,Nike SB,Shane,"75,00","75,00",0%
961,Nike SB,Bruin React,"100,00","100,00",0%
962,Salomon,XT-Wings 2 Advanced,"145,00","145,00",0%
963,Salomon,XT-Wings 2 Advanced,"145,00","145,00",0%
964,Nike,"Dunk Low Retro ""Georgetown""","100,00","100,00",0%
965,Nike,Free Run 2,"88,00","110,00",20%
966,Nike SB,Zoom Blazer Mid Premium,"100,00","100,00",0%
967,adidas,CT86,"50,00","100,00",50%
968,Nike,Waffle Trainer 2,"45,00","90,00",50%
969,Converse,Run Star Hike LTD Hi,"70,00","140,00",50%
970,Reebok,CL Legacy AZ,"50,00","100,00",50%
971,adidas,Torino,"55,00","110,00",50%
972,adidas,Women's Samba Boots,"72,00","120,00",40%
973,adidas,Women's Valerance,"60,00","120,00",50%
974,Crocs,Classic All Terrain Outdoor x Beams,"70,00","70,00",0%
975,Vans,Authentic,"45,00","90,00",50%
976,Vans,Boot Skoot,"75,00","150,00",50%
977,Vans,Authentic,"45,00","90,00",50%
978,Vans,Slip-On,"60,00","120,00",50%
979,Vans,Boot Skoot,"75,00","150,00",50%
980,Vans,Epoch Racer x Taka Hayashi,"67,50","135,00",50%
981,Vans,SK8-HI Reissue,"55,00","110,00",50%
982,Vans,Epoch Racer x Taka Hayashi,"67,50","135,00",50%
983,Vans,Style 36,"50,00","100,00",50%
984,Nike,Waffle Trainer 2 SP,"50,00","100,00",50%
985,Nike SB,Nyjah Free 2,"47,50","95,00",50%
986,Nike SB,Shane T,"75,00","75,00",0%
987,Reebok,Question Mid,"80,00","160,00",50%
988,Reebok,BB 4000,"50,00","100,00",50%
989,Reebok,Women's Club C Double Geo,"50,00","100,00",50%
990,adidas,Indoor CT,"60,00","120,00",50%
991,adidas,Stan Smith,"50,00","100,00",50%
992,adidas,"Stan Smith ""Primegreen""","50,00","100,00",50%
993,adidas,Stan Smith x Disney,"50,00","100,00",50%
994,adidas,Stan Smith Mule,"45,00","90,00",50%
995,Converse,"Chuck 70 Hi ""Hardwood Floor"" x NBA Jam","50,00","100,00",50%
996,adidas,"Stan Smith ""Primegreen""","55,00","110,00",50%
997,adidas,Stan Smith x Marvel,"50,00","100,00",50%
998,adidas,Futurecraft 4D,"110,00","220,00",50%
999,Reebok,Zig Kinetica II Edg,"65,00","130,00",50%
1000,adidas,Sichona x Humanrace,"108,00","180,00",40%
1001,Comme des Garçons Shirt,Tarther SC x Asics,"182,50","365,00",50%
1002,Comme des Garçons Shirt,Tarther SC x Asics,"182,50","365,00",50%
1003,Nike,Flow 2020 ISPA,"90,00","180,00",50%
1004,MCQ,BR7 Aratana,"130,00","260,00",50%
1005,adidas,Cassina PT,"50,00","100,00",50%
1006,Vans,EVDNT RW Ultimate Waffle,"125,00","125,00",0%
1007,Nike SB,Blazer Court,"65,00","65,00",0%
1008,Nike,Women's Air Max 95,"85,00","170,00",50%
1009,Nike SB,Nyjah Free 2,"95,00","95,00",0%
1010,Converse,Run Star Veloz OX,"65,00","130,00",50%
1011,Converse,Run Star Veloz OX,"65,00","130,00",50%
1012,Jordan,"Jordan 4 Retro (PS) ""Lightning""","80,00","80,00",0%
1013,Puma,Basket Vintage x Butter Goods,"71,50","130,00",45%
1014,Puma,Basket Vintage x Butter Goods,"65,00","130,00",50%
1015,Crocs,Classic Clog x Sankuanz,"150,00","150,00",0%
1016,Crocs,Classic Clog x Sankuanz,"150,00","150,00",0%
1017,Crocs,Classic Clog x Sankuanz,"150,00","150,00",0%
1018,Reebok,Women's CL Leather x Cardi B,"60,00","120,00",50%
1019,Reebok,CL Legacy AZ,"50,00","100,00",50%
1020,Converse,Chuck 70 Canvas LTD Hi,"85,00","170,00",50%
1021,Reebok,CL Legacy AZ,"50,00","100,00",50%
1022,Reebok,CL Legacy AZ,"50,00","100,00",50%
1023,Reebok,CL Legacy AZ,"50,00","100,00",50%
1024,adidas,Ozelia,"55,00","110,00",50%
1025,Converse,Skidgrip OX x John Elliott,"65,00","130,00",50%
1026,Converse,Skidgrip OX x John Elliott,"65,00","130,00",50%
1027,Converse,"Run Star Hike Hi Crater ""Hybrid Texture""","60,00","120,00",50%
1028,Converse,Chuck 70 Canvas LTD Hi,"85,00","170,00",50%
1029,adidas,"Forum Wings 1.0 ""Money"" x Jeremy Scott","200,00","200,00",0%
1030,Asics,"Gel-1090 x Bape ""Camo""","140,00","140,00",0%
1031,Reebok,"CL Leather ""Human Rights Now""","50,00","100,00",50%
1032,Reebok,"CL Leather ""Human Rights Now""","50,00","100,00",50%
1033,Nike,Free Run Trail Crater,"65,00","130,00",50%
1034,Nike,ACG Air Mowabb,"80,00","160,00",50%
1035,Nike SB,Bruin React,"100,00","100,00",0%
1036,adidas,Women's Ozelia,"55,00","110,00",50%
1037,adidas,Cassina PT ,"50,00","100,00",50%
1038,Nike SB,Zoom Stefan Janoski ,"85,00","85,00",0%
1039,Nike SB,Shane,"75,00","75,00",0%
1040,Nike,Pegasus Trail 3 ,"130,00","130,00",0%
1041,Nike,Zoomx Vaporfly Next,"250,00","250,00",0%
1042,Reebok,Club C Legacy x Pleasures ,"72,00","120,00",40%
1043,Reebok,Club C Legacy ,"50,00","100,00",50%
1044,Reebok,Answer IV,"80,00","160,00",50%
1045,adidas,ZX Fury,"100,00","200,00",50%
1046,adidas,ZX Fury,"100,00","200,00",50%
1047,Nike,Women's Air Max Pre-Day Lx,"70,00","140,00",50%
1048,Vans Vault,Authentic OG x FDMTL,"200,00","200,00",0%
1049,Vans Vault,Slip-On OG x FDMTL,"200,00","200,00",0%
1050,Vans Vault,Sk8 Hi OG x FDMTL,"220,00","220,00",0%
1051,Nike,Air Pegasus '83,"50,00","100,00",50%
1052,Nike,Women's Air Max Furyosa ,"160,00","160,00",0%
1053,adidas Consortium,EQT Racing x Human Made,"75,00","150,00",50%
1054,adidas Consortium,EQT Racing x Human Made,"75,00","150,00",50%
1055,adidas Consortium,Questar x Human Made,"75,00","150,00",50%
1056,Nike,Air Max Pre-Day Lx,"65,00","130,00",50%
1057,Puma,Ferrari Wild Rider,"65,00","130,00",50%
1058,Puma,Ferrari Wild Rider,"65,00","130,00",50%
1059,Reebok,Answer IV,"80,00","160,00",50%
1060,Reebok,BB 4000,"50,00","100,00",50%
1061,Converse,Chuck 70 GTX Hi,"60,00","120,00",50%
1062,Rick Owens DRKSHDW,Woven Padded High Sneakers,"515,00","515,00",0%
1063,Rick Owens DRKSHDW,Woven Padded Low Sneakers,"420,00","420,00",0%
1064,Rick Owens,Beatle Army Leather Boots,"602,50","1.205,00",50%
1065,Converse,Run Star Hike Hi,"70,00","140,00",50%
1066,Converse,Chuck 70 Hi Canvas,"70,00","140,00",50%
1067,Birkenstock,Arizona VL,"96,00","120,00",20%
1068,Birkenstock,Arizona Birko Flor,"65,00","65,00",0%
1069,Birkenstock,Arizona Birko Flor,"65,00","65,00",0%
1070,Crocs,Crocs x Mandalorian Kids,"24,00","40,00",40%
1071,Nike,Air Zoom Alphafly Next%,"300,00","300,00",0%
1072,Puma,Mirage Sport Remix,"44,00","110,00",60%
1073,Vans,Comfycush Sk8-Hi x Neighborhood,"60,50","110,00",45%
1074,Vans,Authentic 44 DX ,"40,00","80,00",50%
1075,Vans,Old Skool 36 DX ,"95,00","95,00",0%
1076,adidas,Women's Zentic ,"50,00","100,00",50%
1077,Reebok,Question Mid,"80,00","160,00",50%
1078,Reebok,Classic Leather Legacy AZ,"50,00","100,00",50%
1079,adidas,ZX Fury ,"100,00","200,00",50%
1080,adidas,Ultraboost DNA x LEGO,"81,00","180,00",55%
1081,adidas,Ultraboost DNA x LEGO,"81,00","180,00",55%
1082,Nike SB,SB Shane,"75,00","75,00",0%
1083,11 By Boris Bidjan Saberi,Bamba 2 Low x Salomon,"420,00","420,00",0%
1084,11 By Boris Bidjan Saberi,Bamba 2 Low x Salomon ,"420,00","420,00",0%
1085,11 By Boris Bidjan Saberi,Bamba 2 Low x Salomon,"420,00","420,00",0%
1086,11 By Boris Bidjan Saberi,Bamba 2 High x Salomon,"480,00","480,00",0%
1087,11 By Boris Bidjan Saberi,Bamba 5 x Salomon,"350,00","350,00",0%
1088,Vans,Authentic Lx OG x Bedwin & The Heartbreakers,"50,00","100,00",50%
1089,Vans,Authentic Lx OG x Bedwin & The Heartbreakers,"50,00","100,00",50%
1090,Vans,Authentic Lx OG x Bedwin & The Heartbreakers,"50,00","100,00",50%
1091,Vans,Old Skool Lx OG x Bedwin & The Heartbreakers,"55,00","110,00",50%
1092,Nike,Air Max Pre-Day Lx,"104,00","130,00",20%
1093,Asics,Gel-Lyte III OG,"70,00","140,00",50%
1094,adidas,Ultraboost 5.0 DNA,"90,00","180,00",50%
1095,11 By Boris Bidjan Saberi,Bamba 2 Low x Salomon,"420,00","420,00",0%
1096,11 By Boris Bidjan Saberi,Bamba 2 Low x Salomon,"420,00","420,00",0%
1097,adidas,Women's Stan Smith ,"55,00","110,00",50%
1098,adidas,Retropy P9,"80,00","160,00",50%
1099,adidas,ZX 1000 C,"50,00","100,00",50%
1100,Vans,Era 95 DX,"42,50","85,00",50%
1101,Vans,DIY Low,"90,00","180,00",50%
1102,Asics,Women's UB2-S Gel-1130,"55,00","110,00",50%
1103,Vans,Old Skool VLT LX x Patta,"55,00","100,00",45%
1104,Vans,Sk8-Hi Reissue VLT LX x Patta,"55,00","110,00",50%
1105,adidas,Women's Adilette,"25,00","50,00",50%
1106,adidas,Women's Forum 84 Low,"55,00","110,00",50%
1107,Vans,Sk8-Hi 38 DX,"47,50","95,00",50%
1108,Vans,Old Skool 36 DX,"45,00","90,00",50%
1109,Vans,Classic Slip-On 98 DX,"40,00","80,00",50%
1110,Vans,Bold Ni FT,"50,00","100,00",50%
1111,Vans,Acer Ni SP,"50,00","100,00",50%
1112,11 By Boris Bidjan Saberi,Bamba 2 Low x Salomon,"420,00","420,00",0%
1113,adidas,Rouge,"60,50","110,00",45%
1114,adidas,Bleu,"55,00","110,00",50%
1115,Nike, Air Force 1 ,"130,00","130,00",0%
1116,Asics,Gel-Kayano 14,"75,00","150,00",50%
1117,Reebok,Club C 85,"50,00","100,00",50%
1118,Reebok,Aztec II,"50,00","100,00",50%
1119,Reebok,Aztec II,"50,00","100,00",50%
1120,Puma,Basket Vintage 'Rudolf Dassler Legacy Collection',"55,00","110,00",50%
1121,Crocs,Classic Translucent Clog,"60,00","60,00",0%
1122,adidas,Ultraboost 5.0 DNA,"160,00","160,00",0%
1123,Vans,Style 47 Huarache ,"60,00","120,00",50%
1124,Puma,Wild Rider Vintage,"55,00","110,00",50%
1125,Puma,Universal RDL LB,"65,00","130,00",50%
1126,Birkenstock,Madrid BF ,"30,00","60,00",50%
1127,Birkenstock,Madrid BF ,"30,25","55,00",45%
1128,Birkenstock,Sydney Graceful Lavender Aura ,"32,50","65,00",50%
1129,Nike,Daybreak-Type ,"45,00","90,00",50%
1130,Nike SB,Zoom Janoski RM,"85,00","85,00",0%
1131,Nike,Mountain Fly Low,"90,00","180,00",50%
1132,Nike,ACG Air Nasu 2 ,"96,00","120,00",20%
1133,Nike,ACG Mountain Fly Low,"144,00","180,00",20%
1134,Nike,ACG Air Deschutz+,"45,00","75,00",40%
1135,Nike,ACG Air Deschutz+ ,"37,50","75,00",50%
1136,Nike,ACG Air Deschutz+ ,"37,50","75,00",50%
1137,11 By Boris Bidjan Saberi,Bamba 2 Low x Salomon,"420,00","420,00",0%
1138,VEJA,Women's 3 Lock ,"110,00","110,00",0%
1139,Reebok,Toddler's Club C x Peppa Pig,"24,75","45,00",45%
1140,Jordan,Air Jordan 11 Low Q54,"130,00","130,00",0%
1141,Converse,Run Star Motion Hi x Space Jam,"66,00","120,00",45%
1142,Birkenstock,Women's Arizona EVA,"32,00","40,00",20%
1143,adidas,ZX Fury,"100,00","200,00",50%
1144,Vans,Sk8-Hi Lx x Vibram,"87,50","175,00",50%
1145,Vans,Sk8-Hi Lx x Vibram,"87,50","175,00",50%
1146,Converse,Chuck 70 Hi x Space Jam,"66,00","120,00",45%
1147,Crocs,Classic All Terrain 2 Clog U x Space Jam,"36,00","60,00",40%
1148,Crocs,Classic All Terrain 2 Clog U x Space Jam,"33,00","60,00",45%
1149,Vans,Authentic Lx x Vibram,"82,50","150,00",45%
1150,adidas Consortium,Marathon 86 SPZL,"78,00","130,00",40%
1151,Nike,Women's Air Huarache,"60,00","120,00",50%
1152,Reebok,Club C 85,"50,00","100,00",50%
1153,Reebok,Classic Leather,"50,00","100,00",50%
1154,Reebok,Classic Leather,"50,00","100,00",50%
1155,Nike,Women's Fontanka Edge,"70,00","140,00",50%
1156,Nike,Space Hippie O1,"65,00","130,00",50%
1157,Clarks,Wallabee Boot ,"120,00","240,00",50%
1158,Le Coq Sportif,LCS R1000 BBR,"90,00","180,00",50%
1159,Le Coq Sportif,Neree Ventile,"67,50","135,00",50%
1160,adidas,Ultraboost 5.0 DNA,"88,00","160,00",45%
1161,Crocs,Classic Realtree ,"50,00","50,00",0%
1162,Vans,Old Skool OG LX,"90,00","90,00",0%
1163,adidas,Women's Ozelia,"55,00","110,00",50%
1164,Reebok,Kamikaze II ,"65,00","130,00",50%
1165,Converse,Chuck 70 GTX Hi ,"60,00","120,00",50%
1166,Suicoke,Moto-2NH x Neighborhood,"123,75","225,00",45%
1167,Suicoke,Depa-V2,"185,00","185,00",0%
1168,Converse,Slide x Telfar,"24,00","60,00",60%
1169,Nike,ZoomX Vaporfly Next% x Gyakusou ,"240,00","300,00",20%
1170,Nike,ZoomX Vaporfly Next% x Gyakusou ,"180,00","300,00",40%
1171,Rick Owens,Geobasket Leather Shoes,"840,00","840,00",0%
1172,Rick Owens,Leather Sneakers,"665,00","665,00",0%
1173,Rick Owens,Leather Sneakers,"805,00","805,00",0%
1174,Rick Owens,Geobasket Leather Shoes,"840,00","840,00",0%
1175,Rick Owens,Leather Sneakers,"805,00","805,00",0%
1176,Nike,Women's Air Max Furyosa ,"160,00","160,00",0%
1177,Reebok,Club C Double Geo ,"50,00","100,00",50%
1178,Reebok,Premier Road,"100,00","200,00",50%
1179,adidas,Retropy E5,"60,00","120,00",50%
1180,Nike,Women's Dunk Low Disrupt ,"110,00","110,00",0%
1181,Reebok,Club C Double Geo ,"50,00","100,00",50%
1182,Converse,Skid Grip OX,"37,50","75,00",50%
1183,Reebok,Club C Double Geo,"50,00","100,00",50%
1184,Le Coq Sportif,Neree,"130,00","130,00",0%
1185,Converse,"Run Star Hike Hi ""Golden Repair""","60,00","120,00",50%
1186,Converse,Chuck 70 GTX Hi ,"60,00","120,00",50%
1187,adidas,Women's Superstar,"55,00","110,00",50%
1188,Converse,Slide x Telfar,"24,00","60,00",60%
1189,Converse,Women's CTAS Highstep LTD Hi,"70,00","140,00",50%
1190,Puma,Suede Classic ,"30,00","60,00",50%
1191,adidas,Women's Special 21 ,"50,00","100,00",50%
1192,adidas,Women's Zentic,"50,00","100,00",50%
1193,New Balance,Women's 574 V2,"60,00","100,00",40%
1194,Le Coq Sportif,Gaia,"57,50","115,00",50%
1195,adidas,Women's Choigo,"60,00","120,00",50%
1196,adidas,Women's Nizza Hi ,"45,00","90,00",50%
1197,Nike,Women's Air Huarache,"71,50","130,00",45%
1198,Jordan,Women's Jordan Delta 2 ,"130,00","130,00",0%
1199,Nike,Air Huarache,"60,00","120,00",50%
1200,Nike,Women's Air Force 1 '07 SE,"110,00","110,00",0%
1201,Nike SB,Blazer Court ,"65,00","65,00",0%
1202,adidas,Women's Stan Smith ,"55,00","110,00",50%
1203,adidas,4D Futurecraft,"110,00","220,00",50%
1204,adidas,Forum Low,"80,00","100,00",20%
1205,Converse,"Pro Leather Hi ""Trek""","70,00","140,00",50%
1206,adidas,Women's Ozelia ,"44,00","110,00",60%
1207,Reebok,Question Mid x Power Rangers,"90,00","180,00",50%
1208,adidas,Women's Stan Smith ,"55,00","100,00",45%
1209,Nike,Women's Fontanka Edge,"70,00","140,00",50%
1210,Nike,Air Tuned Max,"85,00","170,00",50%
1211,Puma,Suede Triplex PS x Haribo,"32,50","65,00",50%
1212,Converse,"Pro Leather Hi ""Trek""","70,00","140,00",50%
1213,Nike,Free Run Trail,"60,00","120,00",50%
1214,Puma,Suede PS x Haribo,"32,50","65,00",50%
1215,Reebok,Classic Leather ,"60,00","120,00",50%
1216,Reebok,Question Mid,"68,00","170,00",60%
1217,Asics,Gel-Lyte III OG x SVD,"150,00","150,00",0%
1218,Converse,"Chuck 70 Hi Canvas ""Sunflower Trek""","84,00","140,00",40%
1219,Converse,"Chuck 70 Hi ""Hybrid Camo""","50,00","100,00",50%
1220,Vans,Epoch OG LX,"42,50","85,00",50%
1221,Vans,Old Skool LX,"45,00","90,00",50%
1222,Reebok,Club C Legacy x Daniel Moon,"44,00","110,00",60%
1223,Nike,Women's Waffle Racer Crater,"55,00","110,00",50%
1224,Nike,Women's Waffle Racer Crater,"55,00","110,00",50%
1225,Nike,Women's Daybreak,"45,00","90,00",50%
1226,Vans,Old Skool OG Lx,"45,00","90,00",50%
1227,Vans,Era Lx OG,"80,00","80,00",0%
1228,Vans,Era Lx OG,"80,00","80,00",0%
1229,Vans,Slip-On Lx OG,"40,00","80,00",50%
1230,Vans,Era Lx OG ,"40,00","80,00",50%
1231,Vans,Era Lx OG ,"40,00","80,00",50%
1232,adidas,Orion,"45,00","90,00",50%
1233,adidas,Stan Smith,"100,00","100,00",0%
1234,adidas,Women's Geodiver,"47,50","95,00",50%
1235,adidas,Women's Stan Smith ,"50,00","100,00",50%
1236,Reebok,Kamikaze II Low x Nerf,"60,00","120,00",50%
1237,Reebok,Kamikaze II x Nerf,"77,00","140,00",45%
1238,Nike,Women's Dunk High ,"110,00","110,00",0%
1239,Nike SB,Shane,"75,00","75,00",0%
1240,Crocs,Classic Tie Dye Graphic Clog U,"50,00","50,00",0%
1241,Le Coq Sportif,R1000 VG Ventile,"75,00","150,00",50%
1242,Reebok,Women's Club C Double Geo,"50,00","100,00",50%
1243,Reebok,Classic Leather Grow,"45,00","90,00",50%
1244,Reebok,Classic Leather Grow,"45,00","90,00",50%
1245,adidas,Climacool Vento,"70,00","140,00",50%
1246,adidas,ZX 8000 Super Earth x Sean Wotherspoon,"60,00","100,00",40%
1247,Nike,Air Huarache,"120,00","120,00",0%
1248,adidas,Stan Smith Pride,"100,00","100,00",0%
1249,Nike,Air Max Pre-Day,"65,00","130,00",50%
1250,Nike,Air Max 96 II,"144,00","180,00",20%
1251,Nike,Air Max 96 II,"90,00","180,00",50%
1252,Reebok,Women's Club C Double Geo,"50,00","100,00",50%
1253,Reebok,AZ II,"55,00","100,00",45%
1254,Reebok,Club C Mid II Vintage,"55,00","110,00",50%
1255,Birkenstock,Arizona BF,"65,00","65,00",0%
1256,adidas,X9000L4,"70,00","140,00",50%
1257,adidas,X9000L4,"70,00","140,00",50%
1258,Nike,Pegasus Trail 3,"130,00","130,00",0%
1259,Nike,Lebron 8 V2 ,"90,00","180,00",50%
1260,adidas,Ultraboost 21,"180,00","180,00",0%
1261,adidas,Ultraboost 21,"180,00","180,00",0%
1262,Puma,Women's Suede Mayu ,"110,00","110,00",0%
1263,adidas,Geodiver Primeblue,"47,50","95,00",50%
1264,adidas,Ultraboost 21,"180,00","180,00",0%
1265,Nike,Air Max Pre-Day,"65,00","130,00",50%
1266,adidas,Superstar,"120,00","120,00",0%
1267,Nike,Women's Air Force  1 '07,"120,00","120,00",0%
1268,Nike,Waffle Trainer 2 SD,"55,00","100,00",45%
1269,adidas,Ultraboost 5.0 DNA,"80,00","160,00",50%
1270,Crocs,Classic Translucent Clog,"60,00","60,00",0%
1271,Nike,Air VaporMax Evo,"225,00","225,00",0%
1272,Reebok,Project 0 CC TL x Maison Margiela,"120,00","300,00",60%
1273,Reebok,Project 0 CL x Maison Margiela,"120,00","300,00",60%
1274,Reebok,AZ II,"40,00","100,00",60%
1275,Jordan,Air Jordan 7 Retro,"190,00","190,00",0%
1276,Puma,Future Rider TINY PS,"32,50","65,00",50%
1277,New Balance,920 Desert Scape,"190,00","190,00",0%
1278,Crocs,Kid's Fun Lab Snoopy Woodstock Clog,"40,00","40,00",0%
1279,Suicoke,DEPA-AabHY x HAY,"52,00","130,00",60%
1280,Suicoke,DEPA-AabHY x HAY,"65,00","130,00",50%
1281,Suicoke,DEPA-AabHY x HAY,"52,00","130,00",60%
1282,Suicoke,DEPA-AabHY x HAY,"52,00","130,00",60%
1283,Nike,"LeBron VIII ""Hardwood Classic"" ","160,00","200,00",20%
1284,adidas,Stan Smith ,"75,00","150,00",50%
1285,Hender Scheme,Device Weave Sandals,"295,00","295,00",0%
1286,Hender Scheme,Device Weave Sandals,"295,00","295,00",0%
1287,Hender Scheme,Caterpillar Sandals ,"355,00","355,00",0%
1288,Hender Scheme,Caterpillar Sandals ,"355,00","355,00",0%
1289,Puma,Women's Mayze,"100,00","100,00",0%
1290,Puma,Women's Mayze Leather,"100,00","100,00",0%
1291,11 By Boris Bidjan Saberi,Bamba 2 Low x Salomon,"420,00","420,00",0%
1292,Nike,ACG Air Deschutz,"75,00","75,00",0%
1293,Nike,Waffle Trainer 2 SP,"40,00","100,00",60%
1294,Nike,Waffle Trainer 2 SP,"40,00","100,00",60%
1295,Nike,Air Max Pre-Day,"65,00","130,00",50%
1296,VEJA,Venturi,"145,00","145,00",0%
1297,VEJA,V-10,"130,00","130,00",0%
1298,Comme des Garçons Shirt,Tarther SD x ASICS,"73,75","295,00",75%
1299,Crocs,Classic U,"45,00","45,00",0%
1300,Crocs,Classic Clog K,"30,00","30,00",0%
1301,Crocs,Women's Classic Clog ,"80,00","80,00",0%
1302,Crocs,Classic U,"50,00","50,00",0%
1303,Crocs,Classic U,"45,00","45,00",0%
1304,Crocs,Classic Clog K,"30,00","30,00",0%
1305,Crocs,Classic Tie Dye Graphic Clog U,"50,00","50,00",0%
1306,Crocs,Classic U,"45,00","45,00",0%
1307,Crocs,Classic Clog K,"30,00","30,00",0%
1308,Crocs,Classic U,"45,00","45,00",0%
1309,Crocs,Classic Clog K,"30,00","30,00",0%
1310,Crocs,Classic Clog K,"30,00","30,00",0%
1311,Crocs,Classic Clog K,"30,00","30,00",0%
1312,Crocs,Classic U,"50,00","50,00",0%
1313,Vans Vault, Authentic LX,"75,00","75,00",0%
1314,VEJA,V-10,"130,00","130,00",0%
1315,VEJA,Women's Rio Branco ,"115,00","115,00",0%
1316,VEJA,Women's V-10,"125,00","125,00",0%
1317,VEJA,Women's Campo ,"125,00","125,00",0%
1318,Comme des Garçons Play,Big Heart Chuck 70 OX x Converse,"140,00","140,00",0%
1319,Comme des Garçons Play,Big Heart Chuck 70 OX x Converse,"140,00","140,00",0%
1320,Vans Vault,Old Skool LX,"85,00","85,00",0%
1321,Comme des Garçons Play,Big Heart Chuck 70 Hi x Converse,"140,00","140,00",0%
1322,Comme des Garçons Play,Big Heart Chuck 70 Hi x Converse,"140,00","140,00",0%
1323,Nike,Air Max 95 x Kim Jones,"121,00","220,00",45%
1324,Puma,Women's Suede Mayu ,"110,00","110,00",0%
1325,Puma,Cruise Rider Silk Road ,"50,00","100,00",50%
1326,Vans,Old Skool 36 ,"50,00","100,00",50%
1327,Vans,Authentic 44 DX ,"90,00","90,00",0%
1328,Jordan,"Air Jordan 5 Retro (GS) ""Stealth 2.0""","140,00","140,00",0%
1329,Reebok,Classic Leather ,"22,50","45,00",50%
1330,Reebok,Club C Double Geo ,"55,00","110,00",50%
1331,Nike,Women's Air Huarache ,"60,00","120,00",50%
1332,Jordan,Women's Jordan MA2,"130,00","130,00",0%
1333,Rick Owens, Leather Shoes ,"690,00","690,00",0%
1334,Clarks,Mileno London,"240,00","240,00",0%
1335,Clarks,Mileno Chelsea,"260,00","260,00",0%
1336,Suicoke,Depa-V2,"185,00","185,00",0%
1337,Northwave,Espresso Chilli Suede,"130,00","130,00",0%
1338,Puma,Clyde All-Pro Kuzma,"140,00","140,00",0%
1339,Northwave,Espresso Chilli Leather,"155,00","155,00",0%
1340,Northwave,Espresso Chilli Leather,"155,00","155,00",0%
1341,Northwave,Espresso Chilli Suede,"130,00","130,00",0%
1342,Vans Vault,SK8-Boot LX,"56,00","140,00",60%
1343,Northwave,Espresso Chilli Suede,"130,00","130,00",0%
1344,Puma,XS 7000 Disc Story,"150,00","150,00",0%
1345,Puma,Kids Future Rider NES x Super Mario,"70,00","70,00",0%
1346,Puma,Women's Cali Star,"63,00","90,00",30%
1347,Puma,Disc System Weapon Disc Story,"170,00","170,00",0%
1348,Puma,Disc System Weapon Disc Story,"170,00","170,00",0%
1349,Puma,XS 7000 OG Capri,"150,00","150,00",0%
1350,Puma,XS 7000 Disc Story,"150,00","150,00",0%
1351,Puma,Womens' Cali Star ,"63,00","90,00",30%
1352,Converse,"Chuck 70 Canvas LTD Hi ""Trek""","77,00","140,00",45%
1353,Jordan,Jordan Delta Mid ,"80,00","160,00",50%
1354,Birkenstock,Honolulu,"21,00","30,00",30%
1355,Birkenstock,Barbados ,"24,50","35,00",30%
1356,Crocs,Classic Clog,"50,00","50,00",0%
1357,Crocs,Classic Clog,"45,00","45,00",0%
1358,Vans Vault,SK8-Hi LX,"95,00","95,00",0%
1359,Vans Vault,SK8-Hi LX,"95,00","95,00",0%
1360,Nike,"Air Force 1 ""Silver Snake""","130,00","130,00",0%
1361,Suicoke,Women's Nin-High,"57,50","230,00",75%
1362,Suicoke,Alal LO,"210,00","210,00",0%
1363,Asics,Gel-Kayano 27 ,"180,00","180,00",0%
1364,Asics,GEL-Trabuco 9 G-TX,"160,00","160,00",0%
1365,Nike,Air Presto,"120,00","120,00",0%
1366,Converse,Chuck 70 Hi Canvas,"55,00","110,00",50%
1367,Nike,Air Presto,"120,00","120,00",0%
1368,Onitsuka Tiger,Limber Up NM,"240,00","240,00",0%
1369,Le Coq Sportif,Gaia,"115,00","115,00",0%
1370,Nike,Women's Air Force 1 Pixel,"110,00","110,00",0%
1371,Nike SB,Heritage Vulc,"49,00","70,00",30%
1372,Nike,AIR MAX 1,"150,00","150,00",0%
1373,Puma,Future Rider Play On ,"90,00","90,00",0%
1374,VEJA,Women's V-10 ,"130,00","130,00",0%
1375,VEJA,Women's V-12 ,"125,00","125,00",0%
1376,VEJA,V-12,"125,00","125,00",0%
1377,VEJA,Roraima,"165,00","165,00",0%
1378,VEJA,V-10,"125,00","125,00",0%
1379,VEJA,3-Lock,"110,00","110,00",0%
1380,VEJA,Campo ,"125,00","125,00",0%
1381,VEJA,Venturi ,"101,50","145,00",30%
1382,VEJA,Women's Venturi ,"155,00","155,00",0%
1383,VEJA,Women's V-10 ,"125,00","125,00",0%
1384,VEJA,Women's Rio Branco,"115,00","115,00",0%
1385,Reebok,Women's Club C Double x Cardi B,"36,00","90,00",60%
1386,Nike SB,Bruin React,"100,00","100,00",0%
1387,Converse,"Chuck 70 Canvas LTD Hi ""Trek""","170,00","170,00",0%
1388,Birkenstock,Gizeh,"40,00","80,00",50%
1389,Birkenstock,Honolulu,"24,00","30,00",20%
1390,Birkenstock,Honolulu,"21,00","30,00",30%
1391,Birkenstock,Honolulu,"30,00","30,00",0%
1392,Birkenstock,Barbados,"35,00","35,00",0%
1393,Suicoke,Kisee-V,"195,00","195,00",0%
1394,Onitsuka Tiger,Limber Up Made in Japan,"240,00","240,00",0%
1395,Onitsuka Tiger,Limber Up Made in Japan,"260,00","260,00",0%
1396,Salomon,Quest 4D GTX Advanced,"250,00","250,00",0%
1397,Birkenstock,Arizona ,"96,00","120,00",20%
1398,Birkenstock,Madrid,"68,00","85,00",20%
1399,Birkenstock,Arizona ,"90,00","90,00",0%
1400,Nike,ACG Mountain Fly GORE-TEX,"176,00","220,00",20%
1401,Converse,Women's Chuck 70 Hi ,"40,00","100,00",60%
1402,Puma,Suede VTG,"90,00","90,00",0%
1403,Hender Scheme,Code Tip Shaggy Shoes,"680,00","680,00",0%
1404,Hender Scheme,Moor Shoes,"825,00","825,00",0%
1405,Hender Scheme,Manual Industrial Products 23 Shoes,"665,00","665,00",0%
1406,Clarks,Desert Galosh,"70,00","280,00",75%
1407,Nike SB,Bruin React,"100,00","100,00",0%
1408,VEJA,V-10,"130,00","130,00",0%
1409,Nike,Air Force 1 Low Retro ,"130,00","130,00",0%
1410,Converse,"Chuck 70 Canvas LTD Hi ""Trek""","170,00","170,00",0%
1411,RAF SIMONS,2001-2 High,"150,00","600,00",75%
1412,RAF SIMONS,Solaris-2 High,"150,00","600,00",75%
1413,Rick Owens,Sneakers ,"800,00","800,00",0%
1414,Rick Owens,Geobasket Shoes,"805,00","805,00",0%
1415,Converse,RUN STAR HIKE HI,"110,00","110,00",0%
1416,On,The Roger Centre Court,"200,00","200,00",0%
1417,Jordan,Air Jordan 4 x Union LA,"250,00","250,00",0%
1418,Birkenstock,BARBADOS,"28,00","35,00",20%
1419,Nike,Women's Dunk Low Disrupt,"110,00","110,00",0%
1420,Nike,Women's Dunk Low Disrupt,"110,00","110,00",0%
1421,Vans,OG Style 36,"105,00","105,00",0%
1422,Converse,Run Star Hike OX ,"100,00","100,00",0%
1423,Jordan,Air Jordan 1 High Zoom 'Crater',"175,00","175,00",0%
1424,Converse,Run Star Hike OX,"100,00","100,00",0%
1425,Converse,Run Star Hike Hi Smoked Canvas,"140,00","140,00",0%
1426,Nike SB,Zoom Janoski RM,"85,00","85,00",0%
1427,Nike,Women's Daybreak,"90,00","90,00",0%
1428,adidas Consortium,adidas Crazy BYW Pharrell CNY,"50,00","250,00",80%
1429,Puma,Mile Rider Sunny Gataway,"90,00","90,00",0%
1430,Nike,AIR FORCE 1 '07 CRAFT,"120,00","120,00",0%
1431,Vans Vault,OG Classic Slip-On,"75,00","75,00",0%
1432,Converse,Chuck 70 Double Foxing,"140,00","140,00",0%
1433,Puma,Clyde All-Pro Kuzma,"150,00","150,00",0%
1434,Nike SB,Nijah Free 2 ,"95,00","95,00",0%
1435,Suicoke,DEPA-Cab,"66,00","120,00",45%
1436,Suicoke,Depa-V2,"101,75","185,00",45%
1437,Nike SB,SB ADVERSARY,"85,00","85,00",0%
1438,VEJA,V-10,"125,00","125,00",0%
1439,VEJA,V-10,"125,00","125,00",0%
1440,VEJA,V-10 WOMENS,"125,00","125,00",0%
1441,VEJA,V-10,"125,00","125,00",0%
1442,VEJA,V-10 WOMENS,"125,00","125,00",0%
1443,Birkenstock,Arizona EVA,"45,00","45,00",0%
1444,Reebok,Classic Leather,"90,00","90,00",0%
1445,VEJA,V-10 WOMENS,"125,00","125,00",0%
1446,VEJA,V-10,"125,00","125,00",0%
1447,Birkenstock,ARIZONA,"56,00","70,00",20%
1448,Birkenstock,GIZEH,"48,00","60,00",20%
1449,Birkenstock,ARIZONA,"64,00","80,00",20%
1450,Birkenstock,GIZEH,"40,00","40,00",0%
1451,Converse,CHUCK 70 HI BLACK/BLACK/EGRET,"90,00","90,00",0%
1452,Hender Scheme,Compile Sandals,"540,00","540,00",0%
1453,Hender Scheme,Compile Sandals,"540,00","540,00",0%
1454,Hender Scheme,Webb Sandals,"375,00","375,00",0%
1455,Hender Scheme,Webb Sandals,"375,00","375,00",0%
1456,Hender Scheme,Webb Sandals,"375,00","375,00",0%
1457,Fumito Ganryu,Surf shoes,"110,00","440,00",75%
1458,Fumito Ganryu,Surf shoes,"110,00","440,00",75%
1459,Fumito Ganryu,Surf shoes,"110,00","440,00",75%
1460,Fumito Ganryu,Surf shoes,"110,00","440,00",75%
1461,Hender Scheme,Manual Industrial Products 22,"700,00","700,00",0%
1462,Hender Scheme,Side Gore Tarte,"560,00","560,00",0%
1463,Nike,Women's Daybreak,"49,50","90,00",45%
1464,Vans Vault,OG Classic Slip-On,"80,00","80,00",0%
1465,Vans,OG Old Skool LX,"85,00","85,00",0%
1466,Vans Vault,OG Authentic LX,"75,00","75,00",0%
1467,Vans,OG Authentic LX,"75,00","75,00",0%
1468,Converse,CHUCK 70 OX,"85,00","85,00",0%
1469,adidas,Stan Smith,"95,00","95,00",0%
1470,Reebok,Classic Leather,"90,00","90,00",0%
1471,Camper,W Bernard Willhelm Himalayan low boot,"68,75","275,00",75%
1472,Camper,W Bernard Willhelm Himalayan low boot,"68,75","275,00",75%
1473,Converse,Chuck 70 Hi,"90,00","90,00",0%
1474,Vans,Authentic 44 DX,"75,00","75,00",0%
1475,Hender Scheme,Slouchy,"445,00","445,00",0%
1476,Nike,Women's Air Force 1 Shadow ,"110,00","110,00",0%
1477,Hender Scheme,Tarte Shoes,"480,00","480,00",0%
1478,Hender Scheme,Full Lace Trek Hi Boots,"730,00","730,00",0%
1479,Hender Scheme,Tarte Shoes,"480,00","480,00",0%
1480,Hender Scheme,manual industrial products 21 . X DR.MARTENS,"710,00","710,00",0%
1481,Hi-Tec,HTS WALK LITE,"45,00","180,00",75%
1482,Undercover,Rain Shoes,"213,75","855,00",75%
1483,Undercover,Rain Shoes,"213,75","855,00",75%
1484,Converse,Chuck 70 Hi,"90,00","90,00",0%
1485,Hender Scheme,Haze Shoes,"500,00","500,00",0%
1486,Hender Scheme,Haze Shoes,"500,00","500,00",0%
1487,Hender Scheme,Hand Mesh Tip Shoes,"525,00","525,00",0%
1488,Hender Scheme,Hand Mesh Tip Shoes,"525,00","525,00",0%
1489,Nike SB,  SB ZOOM JANOSKI RM,"85,00","85,00",0%
1490,YEEZY,WOMENS ANKLE BOOT IN TRANSPARENT KNIT 90MM HEEL,"267,50","1.070,00",75%
1491,Hender Scheme,Peel Gore Shoes,"495,00","495,00",0%
1492,Hender Scheme,Peel Gore Shoes,"495,00","495,00",0%
1493,Hender Scheme,Device Strap Sandals,"255,00","255,00",0%
1494,Hender Scheme,Caterpillar Sandals ,"380,00","380,00",0%
1495,Hender Scheme,Manual Industrial Products 18,"610,00","610,00",0%
1496,Hender Scheme,Manual Industrial Products 18,"645,00","645,00",0%
1497,Hender Scheme,Device Strap Sandals,"255,00","255,00",0%
1498,GCDS,WEDGE,"108,75","435,00",75%
1499,GCDS,WEDGE,"108,75","435,00",75%
1500,GCDS,WEDGE,"108,75","435,00",75%
1501,Hender Scheme,Manual Industrial Products 05,"615,00","615,00",0%
1502,Hender Scheme,Manual Industrial Products 12,"745,00","745,00",0%
1503,Hender Scheme,Typical Color Exception Loafer,"670,00","670,00",0%
1504,Hender Scheme,Manual Industrial Products 10,"800,00","800,00",0%
1505,Hender Scheme,Manual Industrial Products 12,"745,00","745,00",0%
1506,Hender Scheme,Manual Industrial Products 08,"745,00","745,00",0%
1507,YEEZY,WOMEN'S ANKLE BOOT IN TRANSPARENT KNIT 90MM HEEL,"267,50","1.070,00",75%
1508,YEEZY,WOMEN'S KNEE HIGH BOOT IN BANDAGE KNIT 100MM HEEL,"216,25","865,00",75%
1509,Suicoke,NOTS-VHL,"66,25","265,00",75%
1510,Hender Scheme,Manual Industrial Products 17,"615,00","615,00",0%
1511,Hender Scheme,Slouchy,"445,00","445,00",0%
1512,Hender Scheme,Slouchy,"485,00","485,00",0%
1513,Hender Scheme,Manual Industrial Products 19,"745,00","745,00",0%
1514,Hender Scheme,Manual Industrial Products 17,"615,00","615,00",0%
1515,Vans,UA Authentic 44 DX,"75,00","75,00",0%
1516,Guidi,MILITARY BOOT,"660,00","1.650,00",60%
1517,Guidi,MILITARY BOOT,"660,00","1.650,00",60%
1518,Converse,CHUCK 70 OX,"85,00","85,00",0%
1519,YEEZY,Women's Mule In Transparent Knit 110Mm Heel,"186,25","745,00",75%
1520,YEEZY,Women's Mule Pump In Transparent Knit 110Mm Heel,"186,25","745,00",75%
1521,YEEZY,Women's Tech Mule In Padded Mesh 100Mm Heel,"141,25","565,00",75%
1522,Barny Nakhle,BEN 6 BIS BALLERINA,"140,00","560,00",75%
1523,Barny Nakhle,BN 150250 LOW HEEL,"162,50","650,00",75%
