,name,model,actual price,old price,discount
0,Nike,ZoomX Vaporfly NEXT% 2,"250,00","250,00",0%
1,Jordan,Series .04,"80,00","80,00",0%
2,adidas,ZX 2K Boost Utility GORE-TEX,"180,00","180,00",0%
3,adidas,Superstar 82,"180,00","180,00",0%
4,Asics,GEL-Kayano 28 Lite-Show,"180,00","180,00",0%
5,Asics,Women's GEL-Kayano 28 Lite-Show,"180,00","180,00",0%
6,Jordan,"1 Mid SE (PS) ""Elephant Print""","80,00","80,00",0%
7,Jordan,Sky Jordan 1 (TD),"55,00","55,00",0%
8,Jordan,Women's Sophia Slides,"75,00","75,00",0%
9,Converse,One Star OX,"95,00","95,00",0%
10,Puma,Slipstream Low Retro,"100,00","100,00",0%
11,Puma,Slipstream Low Retro,"100,00","100,00",0%
12,Converse,Women's Run Star Motion,"120,00","120,00",0%
13,Converse,Women's Chuck 70 Hi ,"95,00","95,00",0%
14,Converse,Chuck 70 Hi Utility,"140,00","140,00",0%
15,New Balance,Women's 327,"110,00","110,00",0%
16,Birkenstock,Arizona BF,"70,00","70,00",0%
17,Nike,Women's Blazer Mid '77 Jumbo,"110,00","110,00",0%
18,Nike,Offline Pack,"125,00","125,00",0%
19,Converse,Women's Chuck 70 Hi ,"100,00","100,00",0%
20,adidas,Forum Mid Parley,"120,00","120,00",0%
21,adidas,Superstar Parley,"120,00","120,00",0%
22,adidas,Superstar 82,"120,00","120,00",0%
23,Birkenstock,Women's Siena,"105,00","105,00",0%
24,Asics,Gel-Lyte III OG GTX,"170,00","170,00",0%
25,RAF SIMONS,Cylon-21,"450,00","450,00",0%
26,RAF SIMONS,Cylon-21,"450,00","450,00",0%
27,New Balance,Made in UK 1500,"220,00","220,00",0%
28,Converse,Chuck 70 Hi ,"90,00","90,00",0%
29,Converse,Chuck 70 Hi C.G,"100,00","100,00",0%
30,Converse,Chuck 70 Hi Utility,"140,00","140,00",0%
31,Converse,Weapon CX,"110,00","110,00",0%
32,Converse,Run Star Motion Hi,"120,00","120,00",0%
33,Converse,Run Star Motion Hi,"120,00","120,00",0%
34,Nike, Air Huarache NH,"120,00","120,00",0%
35,Nike, Air Pegasus 83 Premium,"100,00","100,00",0%
36,Nike,Women's Air Max Pre-Day SE,"145,00","145,00",0%
37,Jordan,Sky Jordan 1 (PS),"70,00","70,00",0%
38,Jordan,Sky Jordan 1 (PS),"70,00","70,00",0%
39,Asics,5N2-S Protoblast ,"140,00","140,00",0%
40,adidas,Campus 80s,"100,00","100,00",0%
41,adidas,Ozweego Celox,"120,00","120,00",0%
42,adidas,Women's Superstar,"110,00","110,00",0%
43,adidas,Women's Superstar Bonega,"110,00","110,00",0%
44,adidas,Women's Forum Bonega Mid,"120,00","120,00",0%
45,adidas,Women's Forum Bonega,"110,00","110,00",0%
46,adidas,Women's Ultraboost Web DNA,"180,00","180,00",0%
47,adidas,Ultraboost 22,"190,00","190,00",0%
48,adidas Consortium,Equipment Proto,"130,00","130,00",0%
49,adidas Consortium,Equipment Proto,"130,00","130,00",0%
50,Puma,Women's Cali Dreams Pastel,"100,00","100,00",0%
51,Converse,Weapon CX,"120,00","120,00",0%
52,adidas Y-3,Slides,"160,00","160,00",0%
53,On,Cloudmonster ,"170,00","170,00",0%
54,Nike,"Blazer Low ""Black Patent Leather"" x sacai","125,00","125,00",0%
55,Converse,One Star Pro OX x Carhartt WIP ,"100,00","100,00",0%
56,Converse,Fasbreak Pro Mid x Carhartt WIP,"110,00","110,00",0%
57,On,Cloudmonster,"170,00","170,00",0%
58,HOKA One One,Anacapa Low GTX,"155,00","155,00",0%
59,adidas,Superstar 82,"120,00","120,00",0%
60,adidas Y-3,Hokori Sandals,"230,00","230,00",0%
61,Birkenstock,Arozina NU,"110,00","110,00",0%
62,Nike,Air Trainer 1,"125,00","125,00",0%
63,Jordan,"Air Jordan 7 Retro SE ""Sapphire""","200,00","200,00",0%
64,Puma,Basket VTG,"90,00","90,00",0%
65,Puma,Basket VTG,"90,00","90,00",0%
66,Birkenstock,Arizona,"45,00","45,00",0%
67,Birkenstock,Women's Madrid Big Buckle Leoi,"120,00","120,00",0%
68,Vans,Classic Slip-On 98 DX,"85,00","85,00",0%
69,Vans,Old Skool 36 DX ,"100,00","100,00",0%
70,Vans,Authentic 44 DX ,"85,00","85,00",0%
71,Vans,OG Style 36,"105,00","105,00",0%
72,Rick Owens DRKSHDW,Beatle Abstract,"560,00","560,00",0%
73,Rick Owens,Pull On Fogpocket Cyclops,"1.675,00","1.675,00",0%
74,Rick Owens,Leather Geth Runner ,"880,00","880,00",0%
75,adidas,4D Futurecraft,"220,00","220,00",0%
76,New Balance,2002R,"120,00","120,00",0%
77,New Balance,2002R,"120,00","120,00",0%
78,Nike,"Women's Air Max 1 AMD ""La Ville Lumière""","170,00","170,00",0%
79,On,Cloudaway,"150,00","150,00",0%
80,On,Cloudaway,"150,00","150,00",0%
81,On,Cloudaway,"150,00","150,00",0%
82,Asics,Gel-Kinsei Blast ,"200,00","200,00",0%
83,adidas,Adilette,"45,00","45,00",0%
84,Reebok,"CL Memory Of ""Project 0"" x Maison Margiela","350,00","350,00",0%
85,Reebok,"CC Memory Of ""Project 0"" x Maison Margiela","350,00","350,00",0%
86,Reebok,"CC Memory Of ""Project 0"" x Maison Margiela","350,00","350,00",0%
87,Reebok,"CL Memory Of ""Project 0"" x Maison Margiela","350,00","350,00",0%
88,Vans Vault,Old Skool VLT LX x Krink,"95,00","95,00",0%
89,Vans Vault,Old Skool VLT LX x Krink,"95,00","95,00",0%
90,Vans Vault,Authentic LX OG x Krink ,"90,00","90,00",0%
91,Vans Vault,Authentic LX OG,"80,00","80,00",0%
92,Vans Vault,Old Skool LX OG,"95,00","95,00",0%
93,Reebok,InstaPump Fury Zone,"160,00","160,00",0%
94,Nike,"Women's Air Force 1 '07 ""Blue Paisley""","100,00","100,00",0%
95,Birkenstock,Women's Super-Birki PU,"70,00","70,00",0%
96,Birkenstock,Women's Gizeh EVA,"45,00","45,00",0%
97,Birkenstock,Women's Arizona EVA,"45,00","45,00",0%
98,Birkenstock,Women's Siena SFB NU,"115,00","115,00",0%
99,Birkenstock,Women's Madrid BB NU,"110,00","110,00",0%
100,Birkenstock,Women's Madrid Big Buckle,"120,00","120,00",0%
101,Birkenstock,Women's Arizona Birk Flor Earthy,"90,00","90,00",0%
102,Birkenstock,Arizona SFB VL,"105,00","105,00",0%
103,Birkenstock,Arizona Big Buckle,"140,00","140,00",0%
104,Puma,Blaze Of Glory Reverse Classics,"130,00","130,00",0%
105,Puma,Blaze Of Glory Reverse Classics,"130,00","130,00",0%
106,Nike,"LeBron IX Low ""LeBronold Palmer""","185,00","185,00",0%
107,adidas,Superstar 82 Panel,"120,00","120,00",0%
108,adidas,Ultraboost Web DNA,"180,00","180,00",0%
109,Reebok,LT Court,"110,00","110,00",0%
110,New Balance,327,"120,00","120,00",0%
111,New Balance,XC72,"120,00","120,00",0%
112,New Balance,XC72,"120,00","120,00",0%
113,Vans Vault,Style 36 LX OG,"105,00","105,00",0%
114,Vans Vault,Authentic LX OG,"80,00","80,00",0%
115,Vans Vault,Old Skool LX OG,"95,00","95,00",0%
116,Vans Vault,Era LX OG,"80,00","80,00",0%
117,Vans Vault,Era LX OG,"80,00","80,00",0%
118,Vans Vault,"Style 48 LX OG ""Maritime""","120,00","120,00",0%
119,Vans Vault,"Style 48 LX OG ""Maritime""","120,00","120,00",0%
120,Vans Vault,"Style 48 LX OG ""Maritime""","120,00","120,00",0%
121,Jordan,"Jordan 1 Mid SE (PS) ""Bleached Coral""","80,00","80,00",0%
122,Puma,Slipstream Mid x AMI,"160,00","160,00",0%
123,Jordan,"Air Jordan 13 Retro ""Del Sol"" ","210,00","210,00",0%
124,adidas,"ZX 8000 ""Strawberry Latte""","120,00","120,00",0%
125,adidas,"ZX 8000 ""Fresh Mint Tea""","120,00","120,00",0%
126,Nike,Women's Blazer Low Platform SE NN,"105,00","105,00",0%
127,Nike,Women's Blazer Mid '77 Jumbo,"110,00","110,00",0%
128,Nike,Women's Fontanka Waffle ,"100,00","100,00",0%
129,Nike,Women's Icon Classic Sandalas,"65,00","65,00",0%
130,Nike,Offline 2.0,"135,00","135,00",0%
131,Crocs,Classic Dream Clog,"55,00","55,00",0%
132,Jordan,Jordan Series Mid,"90,00","90,00",0%
133,adidas,Campus 80s,"100,00","100,00",0%
134,Jordan,"Women's Air Jordan 1 Mid SE ""Pomegranate""","130,00","130,00",0%
135,Asics,Gel-Quantum 360 6,"200,00","200,00",0%
136,Asics,Gel-Quantum 360 6,"200,00","200,00",0%
137,adidas YEEZY,"Yeezy Boost 700 ""Fade Azure""","250,00","250,00",0%
138,adidas,Ultraboost 5.0 DNA,"180,00","180,00",0%
139,adidas,Superstar 82,"120,00","120,00",0%
140,adidas,Superstar 82,"120,00","120,00",0%
141,Nike,Air Force 1 ,"130,00","130,00",0%
142,Nike, Air Zoom Tempo Next% FK,"200,00","200,00",0%
143,Jordan,Series .05,"85,00","85,00",0%
144,Nike, Air Zoom Tempo Next% FK,"200,00","200,00",0%
145,Nike,Air Max 95 SE,"180,00","180,00",0%
146,Nike,Women's Air Max 95,"190,00","190,00",0%
147,Nike,Air Max Terrascape Plus,"180,00","180,00",0%
148,Nike,Women's Air Max Furyosa,"150,00","150,00",0%
149,Nike,Women's Air Max Terrascape 90,"150,00","150,00",0%
150,Nike,Women's Air Max Terrascape 90,"150,00","150,00",0%
151,Nike,Air Zoom Alphafly NEXT%,"300,00","300,00",0%
152,Nike,Air Max 96 II,"175,00","175,00",0%
153,Nike,"Air Trainer 1 SP ""Dark Smoke Grey""","150,00","150,00",0%
154,Crocs,Classic Marbled Clog,"55,00","55,00",0%
155,Crocs,Classic Marbled Clog,"55,00","55,00",0%
156,Crocs,Classic Out Of This World II Clog,"55,00","55,00",0%
157,Crocs,Classic Tie-Dye Graphic Clog,"50,00","50,00",0%
158,Crocs,Classic Tie-Dye Graphic Clog,"55,00","55,00",0%
159,Crocs,Classic Tie-Dye Graphic Clog,"55,00","55,00",0%
160,Crocs,Classic Solarized Clog,"55,00","55,00",0%
161,Crocs,Classic Solarized Clog,"55,00","55,00",0%
162,Crocs,Classic Clog,"50,00","50,00",0%
163,Crocs,Classic Clog,"50,00","50,00",0%
164,Crocs,Classic Clog,"50,00","50,00",0%
165,Crocs,Classic Clog,"50,00","50,00",0%
166,Crocs,Classic Clog,"50,00","50,00",0%
167,Crocs,Kid's Classic Clog,"40,00","40,00",0%
168,Crocs,Kid's Classic Clog,"40,00","40,00",0%
169,Crocs,Kid's Classic Clog,"40,00","40,00",0%
170,Crocs,Kid's Classic Clog,"40,00","40,00",0%
171,Crocs,Kid's Classic Clog,"40,00","40,00",0%
172,Crocs,Kid's Classic Clog,"40,00","40,00",0%
173,Crocs,Kid's Classic Clog,"40,00","40,00",0%
174,Crocs,Kid's Classic Clog,"40,00","40,00",0%
175,Crocs,Toddler's Classic Clog,"35,00","35,00",0%
176,Crocs,Toddler's Classic Clog,"35,00","35,00",0%
177,Crocs,Toddler's Classic Clog,"35,00","35,00",0%
178,Crocs,Toddler's Classic Clog,"35,00","35,00",0%
179,Crocs,Toddler's Classic Clog,"35,00","35,00",0%
180,Crocs,Toddler's Classic Clog,"35,00","35,00",0%
181,Crocs,Toddler's Classic Clog,"35,00","35,00",0%
182,Crocs,Toddler's Classic Clog,"35,00","35,00",0%
183,Puma,Women's Mayze Liberty,"120,00","120,00",0%
184,Puma,Women's Suede Mayu Raw,"110,00","110,00",0%
185,Reebok,LT Court,"110,00","110,00",0%
186,Reebok,LT Court,"110,00","110,00",0%
187,Reebok,LT Court,"110,00","110,00",0%
188,Reebok,NPC UK II Vegan,"90,00","90,00",0%
189,adidas,Women's Triple Platforum Low,"150,00","150,00",0%
190,adidas,Ultraboost 5.0 DNA,"180,00","180,00",0%
191,Puma,Muenster Classic,"100,00","100,00",0%
192,Puma,Muenster Classic,"100,00","100,00",0%
193,Puma,"Muenster ""The NeverWorn""","110,00","110,00",0%
194,Puma,"Blaze Of Glory ""The NeverWorn""","140,00","140,00",0%
195,Puma,Wild Rider G x Neymar Jr.,"110,00","110,00",0%
196,Puma,City Rider,"90,00","90,00",0%
197,Puma,Women's Cali Dream Go For ,"110,00","110,00",0%
198,Puma,Suede Crepe Leather,"130,00","130,00",0%
199,Puma,Suede Crepe Leather,"130,00","130,00",0%
200,Puma,Women's Suede Mayu ST ,"110,00","110,00",0%
201,Puma,Women's Mayze ST,"110,00","110,00",0%
202,Puma,Women's Mayze Leather,"100,00","100,00",0%
203,Vans Vault,Women's Sk8-Hi LX OG x Sarah Andelman,"120,00","120,00",0%
204,Vans Vault,Women's Style 24 OG NTC x Sarah Andelman,"100,00","100,00",0%
205,Le Coq Sportif,R1000 Street Craft,"115,00","115,00",0%
206,Le Coq Sportif,R1000 Street Craft,"115,00","115,00",0%
207,RAF SIMONS,Solaris High,"620,00","620,00",0%
208,RAF SIMONS,Solaris High,"620,00","620,00",0%
209,Reebok,Club C 85 Vintage,"100,00","100,00",0%
210,Reebok,Club C 85 x Eames House,"120,00","120,00",0%
211,Reebok,Club C 85 x Eames House,"120,00","120,00",0%
212,adidas,Yeezy 700 V3 'Clay Brown',"200,00","200,00",0%
213,adidas,Yeezy 700 V3 'Safflower',"200,00","200,00",0%
214,adidas YEEZY,"Yeezy Quantum ""Onyx""","250,00","250,00",0%
215,adidas YEEZY,"Yeezy Boost 700 ""Bright Blue""","240,00","240,00",0%
216,adidas,Yeezy Basketball 'Frozen Blue',"250,00","250,00",0%
217,Converse,Chuck 70 Hi x Joshua Vides,"110,00","110,00",0%
218,Converse,Pro Leather OX x Joshua Vides,"100,00","100,00",0%
219,Converse,Weapon CX Hi x Joshua Vides,"120,00","120,00",0%
220,Salomon,Odyssey 1 Advanced,"170,00","170,00",0%
221,Jordan,"Women's Air Jordan 1 Elevate Low SE ""Bred""","140,00","140,00",0%
222,Jordan,"Women's Air Jordan 6 Retro ""Mint Foam""","200,00","200,00",0%
223,Nike,Women's Air Max Furyosa,"150,00","150,00",0%
224,Reebok,Club C Revenge,"90,00","90,00",0%
225,adidas,Ultraboost Web DNA,"180,00","180,00",0%
226,Asics,Gel-1130,"100,00","100,00",0%
227,Asics,Gel-1130,"100,00","100,00",0%
228,Asics,Gel-Lyte III OG,"140,00","140,00",0%
229,Nike, Air Max Terrascape 90 ,"150,00","150,00",0%
230,Nike, Air Max Terrascape 90 ,"150,00","150,00",0%
231,adidas,Equipment CSG 91 GTX,"160,00","160,00",0%
232,adidas,Equipment Support 93 GTX,"160,00","160,00",0%
233,Jordan,Women's Jordan MA2 ,"130,00","130,00",0%
234,Nike,ACG Mountain Fly Low GTX ,"180,00","180,00",0%
235,Nike,Air Max Terrascape Plus ,"180,00","180,00",0%
236,Jordan,"Air Jordan 1 Element ""Black Particle Grey""","180,00","180,00",0%
237,Nike,"ACG Air Mada ""Ash Green""","145,00","145,00",0%
238,Nike,"ACG Air Mada ""Black""","145,00","145,00",0%
239,adidas Y-3,Hicho,"280,00","280,00",0%
240,adidas Y-3,Hicho,"280,00","280,00",0%
241,adidas Y-3,Runner 4D Halo,"400,00","400,00",0%
242,adidas Y-3,Qisan Cozy,"350,00","350,00",0%
243,adidas,Ozweego Celox,"120,00","120,00",0%
244,adidas,Stan Smith,"100,00","100,00",0%
245,adidas,Stan Smith,"100,00","100,00",0%
246,adidas,Supernova Cushion 7,"130,00","130,00",0%
247,Nike,Women's Air Max Pre-Day,"135,00","135,00",0%
248,Nike,Women's Waffle One SE,"110,00","110,00",0%
249,Nike,Women's Fontanka Waffle ,"100,00","100,00",0%
250,Rick Owens,Leather Geth Runner,"880,00","880,00",0%
251,Rick Owens,Turbo Cyclop Sandals,"1.720,00","1.720,00",0%
252,Rick Owens,Turbo Cyclop Sandals,"1.720,00","1.720,00",0%
253,Rick Owens,Beatle Ballast Boots,"1.345,00","1.345,00",0%
254,Rick Owens,Beatle Turbo Cyclops Boots,"1.595,00","1.595,00",0%
255,adidas,Women's ZX 8000 x Disney ,"130,00","130,00",0%
256,adidas,Women's Superstar ,"110,00","110,00",0%
257,adidas,Women's Vegan Superstar,"100,00","100,00",0%
258,Reebok,AZ II,"100,00","100,00",0%
259,Reebok,Victory G,"140,00","140,00",0%
260,Asics,Gel-Lyte III OG ,"140,00","140,00",0%
261,Asics,Gel-Lyte III OG ,"140,00","140,00",0%
262,New Balance,991 Made in UK,"230,00","230,00",0%
263,adidas,Women's Nizza Platform x Disney ,"90,00","90,00",0%
264,Converse,"Chuck 70 OX ""Python"" x GOLF WANG","120,00","120,00",0%
265,Converse,"Chuck 70 OX ""Python"" x GOLF WANG","120,00","120,00",0%
266,Nike,"Air Force 1 Experimental ""Halloween""","140,00","140,00",0%
267,adidas,Superstar 82 Panel,"120,00","120,00",0%
268,adidas Consortium,Campus 80 X Large ,"100,00","100,00",0%
269,adidas,Forum Premiere,"200,00","200,00",0%
270,Reebok,Victory G,"140,00","140,00",0%
271,Nike,Women's Air Max Pre-Day  ,"135,00","135,00",0%
272,Nike,Women's Air Force Fontanka ,"110,00","110,00",0%
273,Nike,"Women's Air Force 1 '07 Low ""Coconut Milk""","130,00","130,00",0%
274,Nike,Women's Icon Classic Sandals,"60,00","60,00",0%
275,Nike,Women's Icon Classic Sandals,"60,00","60,00",0%
276,Nike,ACG Mountain Fly Low GTX ,"180,00","180,00",0%
277,adidas,TRX Vintage,"100,00","100,00",0%
278,Jordan,"Air Jordan 1 Zoom Air CMFT ""Pumpkin Spice"" ","140,00","140,00",0%
279,adidas,G.S,"120,00","120,00",0%
280,Nike,Dunk High 1985 x Undercover,"150,00","150,00",0%
281,adidas,Forum 84 Hi,"130,00","130,00",0%
282,adidas,Nizza Hi x Alife,"100,00","100,00",0%
283,adidas,Nizza Hi x Alife,"100,00","100,00",0%
284,adidas,Forum Premiere,"200,00","200,00",0%
285,Dr. Martens,1460 Futura EMB,"230,00","230,00",0%
286,Dr. Martens,1460 Futura Dms,"230,00","230,00",0%
287,adidas,Forum 84 Hi AEC ,"200,00","200,00",0%
288,adidas,Forum 84 Hi AEC ,"200,00","200,00",0%
289,adidas,Ultraboost 1.0 DNA,"180,00","180,00",0%
290,Dr. Martens,1460 Toe Cap Bex,"250,00","250,00",0%
291,New Balance,327,"120,00","120,00",0%
292,adidas,NMD_S1,"180,00","180,00",0%
293,adidas,Stan Smith,"100,00","100,00",0%
294,Nike,Air Max Pre-Day ,"130,00","130,00",0%
295,Nike SB,Bruin React,"100,00","100,00",0%
296,Converse,Chuck 70 Hi,"95,00","95,00",0%
297,Converse,"Chuck 70 Hi ""75th Anniversary"" x NBA","110,00","110,00",0%
298,Converse,Chuck 70 Canvas LTD Hi,"160,00","160,00",0%
299,Converse,Chuck 70 Canvas LTD Hi,"160,00","160,00",0%
300,Asics,Gel-Venture 6,"85,00","85,00",0%
301,Asics,Gel-Venture 6,"85,00","85,00",0%
302,Asics,Gel-Venture 6,"85,00","85,00",0%
303,Rick Owens,Beatle Turbo Cyclops ,"1.460,00","1.460,00",0%
304,Rick Owens,Leather Geobasket Sneakers ,"885,00","885,00",0%
305,Rick Owens DRKSHDW,Woven Sneakers ,"510,00","510,00",0%
306,Rick Owens DRKSHDW,Abstract Sneakers ,"590,00","590,00",0%
307,Rick Owens,Leather Geth Runner ,"780,00","780,00",0%
308,Rick Owens DRKSHDW,Woven Low Sneakers,"420,00","420,00",0%
309,Reebok,Zig Kinetica II EDG,"180,00","180,00",0%
310,Vans Vault,Old Skool V Platform LX x Sarah Andelman,"100,00","100,00",0%
311,Jordan,Delta 2 SE,"140,00","140,00",0%
312,Nike,Women's Waffle One ,"100,00","100,00",0%
313,Nike,Air VaporMax Evo ,"225,00","225,00",0%
314,Converse,Women's Chuck 70 Hi ,"95,00","95,00",0%
315,Vans Vault,Authentic LX OG x Julia Chiang,"90,00","90,00",0%
316,Nike,"Dunk High 1985 SP ""Yellow Strike""","130,00","130,00",0%
317,Nike,"Dunk High 1985 SP ""Team Orange""","130,00","130,00",0%
318,Nike,"Lebron IX ""Big Bang""","240,00","240,00",0%
319,11 By Boris Bidjan Saberi,Bamba 2 Low x Salomon,"420,00","420,00",0%
320,11 By Boris Bidjan Saberi,Bamba 2 Low x Salomon,"420,00","420,00",0%
321,11 By Boris Bidjan Saberi,Bamba 5 x Salomon,"395,00","395,00",0%
322,11 By Boris Bidjan Saberi,Bamba 2 High GTX x Salomon,"465,00","465,00",0%
323,Vans,Chukka 49 DX,"100,00","100,00",0%
324,Vans,Chukka 49 DX,"100,00","100,00",0%
325,Vans,Style 73 DX,"95,00","95,00",0%
326,Vans,Style 73 DX,"95,00","95,00",0%
327,adidas Consortium,Japan x Wales Bonner,"160,00","160,00",0%
328,adidas,Ultraboost COLD.RDY Lab,"180,00","180,00",0%
329,adidas,Ultraboost Web DNA,"180,00","180,00",0%
330,Converse,Chuck 70 Hi ,"95,00","95,00",0%
331,Asics,Gel-Lyte III OG ,"130,00","130,00",0%
332,Vans Vault,"Style 45 LX OG ""Maritime""","120,00","120,00",0%
333,Vans Vault,"Style 45 LX OG ""Maritime""","120,00","120,00",0%
334,Vans Vault,"Style 45 LX OG ""Maritime""","120,00","120,00",0%
335,Vans Vault,Old Skool VR3 LX,"100,00","100,00",0%
336,Vans Vault,Old Skool VR3 LX,"100,00","100,00",0%
337,Vans Vault,Old Skool VR3 LX,"100,00","100,00",0%
338,Vans Vault,Classic Slip-On VLT LX x Dobale,"90,00","90,00",0%
339,Vans Vault,Era VLT LX x Dobale,"95,00","95,00",0%
340,Vans Vault,Bold NI LX x Dobale,"100,00","100,00",0%
341,Vans Vault,Authentic LX OG x Javier Calleja,"110,00","110,00",0%
342,Vans Vault,Chukka Boot LX OG x Javier Calleja,"130,00","130,00",0%
343,Vans Vault,Sk8-Hi LX OG x Javier Calleja,"140,00","140,00",0%
344,Nike SB,Nyjah Free 2,"95,00","95,00",0%
345,Nike,Women's Air Max Pre-Day ,"130,00","130,00",0%
346,HOKA One One,Hopara,"100,00","100,00",0%
347,HOKA One One,Clifton 8,"140,00","140,00",0%
348,Saucony,Jazz 81 x Hommewrk by Trinidad James,"130,00","130,00",0%
349,Rick Owens DRKSHDW,Drkstar HI x Converse,"170,00","170,00",0%
350,Rick Owens DRKSHDW,Drkstar OX x Converse,"165,00","165,00",0%
351,adidas Consortium,Japan x Wales Bonner,"180,00","180,00",0%
352,adidas Consortium,Japan x Wales Bonner ,"180,00","180,00",0%
353,adidas Consortium,Japan x Wales Bonner ,"160,00","160,00",0%
354,Nike,Waffle Trainer 2,"95,00","95,00",0%
355,adidas,Streetball II ,"140,00","140,00",0%
356,adidas,Niteball,"120,00","120,00",0%
357,adidas,Niteball,"120,00","120,00",0%
358,adidas,Ultraboost Climacool 2 DNA,"180,00","180,00",0%
359,Nike,ZoomX Vaporfly NEXT% 2,"250,00","250,00",0%
360,Nike,"Air Max 90 SE ""Running Club""","150,00","150,00",0%
361,Nike,"Air Max 97 SE ""Running Club""","190,00","190,00",0%
362,Nike,Air Max Terrascape Plus,"180,00","180,00",0%
363,adidas,Ozrah x Guccimaze,"140,00","140,00",0%
364,adidas,Stan Smith,"150,00","150,00",0%
365,Nike SB,Force 58 Premium,"80,00","80,00",0%
366,Nike SB,Force 58 ,"75,00","75,00",0%
367,adidas,Women's Ultraboost 5.0 DNA,"180,00","180,00",0%
368,Nike,Women's Air Force 1 Sculpt ,"130,00","130,00",0%
369,adidas,Superstar 82,"120,00","120,00",0%
370,Converse,Women's Chuck 70 Mule,"80,00","80,00",0%
371,Converse,Women's Chuck 70 Mule,"80,00","80,00",0%
372,Nike,"Air Trainer 1 SP ""Coriander""","150,00","150,00",0%
373,Nike,Victori One Slides,"30,00","30,00",0%
374,Nike,Women's Waffle One SE,"110,00","110,00",0%
375,Nike,Blazer Mid '77 Jumbo,"110,00","110,00",0%
376,Nike,Blazer Low '77 Jumbo,"95,00","95,00",0%
377,adidas,Women's Astir,"110,00","110,00",0%
378,Nike,"Blazer Low ""Night Maroon"" x ACRONYM","140,00","140,00",0%
379,adidas,Ultraboost 21 COLD.RDY,"180,00","180,00",0%
380,adidas,Women's Her Court,"110,00","110,00",0%
381,adidas,Women's Stan Smith x Disney,"110,00","110,00",0%
382,Jordan,Women's Air Jordan 1 Acclimate ,"150,00","150,00",0%
383,Converse,Chuck 70 Canvas LTD Hi ,"120,00","120,00",0%
384,adidas,Women's Astir ,"110,00","110,00",0%
385,Le Coq Sportif,LCS R1000 Colors,"105,00","105,00",0%
386,Le Coq Sportif,LCS R1000 Colors,"105,00","105,00",0%
387,adidas,Superstar 82,"120,00","120,00",0%
388,adidas,"Trae Young 1 ""Pixels""","130,00","130,00",0%
389,adidas,Ultra 4D,"220,00","220,00",0%
390,Clarks,Wallabee,"180,00","180,00",0%
391,adidas,SuperNova Cushion 7 ,"120,00","120,00",0%
392,Nike,Air Zoom Tempo NEXT% ,"200,00","200,00",0%
393,Nike,Air VaporMax 2021 FK ,"220,00","220,00",0%
394,Nike,Women's Waffle One ,"100,00","100,00",0%
395,Nike,Women's Air Max 90 ,"140,00","140,00",0%
396,Asics,Gel-Kinsei Blast ,"200,00","200,00",0%
397,Asics,Gel-Lyte III RE ,"130,00","130,00",0%
398,Asics,Gel-Lyte III RE ,"130,00","130,00",0%
399,Converse,Jack Purcell OX x Todd Snyder,"105,00","105,00",0%
400,Converse,Chuck 70 Hi x Todd Snyder,"130,00","130,00",0%
401,Clarks,Weaver,"160,00","160,00",0%
402,Clarks,Weaver,"160,00","160,00",0%
403,Nike,Women's Air Huarache ,"120,00","120,00",0%
404,Converse,Chuck 70 Canvas LTD Hi,"160,00","160,00",0%
405,Converse,Chuck 70 OX,"90,00","90,00",0%
406,Converse,Chuck 70 HI,"95,00","95,00",0%
407,Converse,Chuck 70 Canvas LTD Hi,"160,00","160,00",0%
408,adidas,Campus 80 x XLarge ,"100,00","100,00",0%
409,adidas,"Hu NMD x Billionaire Boys Club ""Running Dog""","220,00","220,00",0%
410,Nike,Air Max 95 NH  ,"180,00","180,00",0%
411,New Balance,XC72,"120,00","120,00",0%
412,New Balance,57/40,"120,00","120,00",0%
413,Asics,Gel-Lyte III OG,"130,00","130,00",0%
414,Asics,Gel-Lyte III OG ,"140,00","140,00",0%
415,New Balance,57/40,"120,00","120,00",0%
416,New Balance,574,"100,00","100,00",0%
417,Le Coq Sportif,LCS R1000 OG,"105,00","105,00",0%
418,adidas Consortium,Barrowland SPZL,"100,00","100,00",0%
419,adidas Consortium,Lothertex SPZL,"110,00","110,00",0%
420,adidas Consortium,Winterhill SPZL,"140,00","140,00",0%
421,adidas Consortium,Barrowland SPZL,"100,00","100,00",0%
422,adidas,Ultraboost 5.0 DNA,"180,00","180,00",0%
423,adidas,Lone Star,"110,00","110,00",0%
424,Hender Scheme,Manual Industrial Products 25,"790,00","790,00",0%
425,Nike,Victori One Slides,"30,00","30,00",0%
426,Saucony,Shadow 6000 x Feature de USA,"170,00","170,00",0%
427,Nike,Women's Air Force 1 High Sculpt ,"130,00","130,00",0%
428,Nike,Air Force 1 Boot NN ,"180,00","180,00",0%
429,Nike, Offline 2.0,"130,00","130,00",0%
430,Nike,Air VaporMax 2021 FK ,"220,00","220,00",0%
431,adidas,Ultraboost Web DNA,"180,00","180,00",0%
432,adidas,Ultraboost CC_1 DNA,"180,00","180,00",0%
433,adidas,Superstar 82,"120,00","120,00",0%
434,Puma,Women's Cruise Rider Silk Road,"100,00","100,00",0%
435,New Balance,920,"220,00","220,00",0%
436,adidas,Superstar,"100,00","100,00",0%
437,adidas,Superstar 82,"120,00","120,00",0%
438,Nike,Women's Air Huarache SP,"130,00","130,00",0%
439,Puma,Mirage Sport Go For,"110,00","110,00",0%
440,New Balance,Women's 327,"120,00","120,00",0%
441,New Balance,Women's 327,"120,00","120,00",0%
442,New Balance,Women's 327,"120,00","120,00",0%
443,Nike,Women's Air Force 1 Fontanka ,"110,00","110,00",0%
444,Puma,Wild Rider x Neymar Jr.,"110,00","110,00",0%
445,New Balance,Women's 327,"120,00","120,00",0%
446,New Balance,574,"120,00","120,00",0%
447,New Balance,574,"100,00","100,00",0%
448,Converse,Chuck 70 Hi Light ,"105,00","105,00",0%
449,adidas,"Women's ZX 10,000 C x Disney","130,00","130,00",0%
450,adidas,Women's Astir,"100,00","100,00",0%
451,Vans,Authentic 44 DX ,"80,00","80,00",0%
452,Vans,Authentic 44 DX ,"80,00","80,00",0%
453,Vans,Half Cab 33 DX ,"95,00","95,00",0%
454,Vans,Authentic 44 DX ,"80,00","80,00",0%
455,Vans,Authentic 44 DX ,"80,00","80,00",0%
456,Vans,Authentic 44 DX ,"80,00","80,00",0%
457,Vans,Old Skool 36 DX ,"95,00","95,00",0%
458,adidas,Terrex Hyperblue,"110,00","110,00",0%
459,Vans,Authentic 44 DX ,"100,00","100,00",0%
460,Nike,Women's Air Max Furyosa,"150,00","150,00",0%
461,Jordan,Women's Air Jordan 1 Acclimate,"150,00","150,00",0%
462,Nike,Blazer Mid '77 Jumbo,"110,00","110,00",0%
463,Nike,Air Max 96 II,"175,00","175,00",0%
464,Converse,"Women's Chuck 70 Hi ""Crafted With Love""","95,00","95,00",0%
465,Nike,Air Max 96 II,"175,00","175,00",0%
466,Nike SB,Force 58,"75,00","75,00",0%
467,Nike,Air Force 1 Boots NN,"180,00","180,00",0%
468,adidas Y-3,Ajatu Court Formal,"250,00","250,00",0%
469,Puma,Wild Rider Grip LS,"110,00","110,00",0%
470,Jordan,"Air Jordan 6 Retro Low (GS) ""Atmosphere""","140,00","140,00",0%
471,Jordan,"Women's Air Jordan 5 Retro Low ""Arctic Pink""","210,00","210,00",0%
472,Nike, Offline 2.0,"130,00","130,00",0%
473,Nike,Air Force 1 '07 LX NN,"120,00","120,00",0%
474,Nike,Blazer Low '77 Jumbo,"95,00","95,00",0%
475,adidas,Trae Young 1,"130,00","130,00",0%
476,adidas,Retropy E5,"120,00","120,00",0%
477,Puma,Wild Rider Grip LS,"110,00","110,00",0%
478,adidas,Ultraboost 1.0 DNA,"180,00","180,00",0%
479,adidas,Ultraboost 5.0 DNA,"180,00","180,00",0%
480,adidas,Superstar 82,"130,00","130,00",0%
481,Nike,Air Max 90 NRG,"140,00","140,00",0%
482,adidas,Ultraboost DNA x LEGO,"180,00","180,00",0%
483,adidas,Ultraboost DNA x LEGO,"180,00","180,00",0%
484,Puma,Women's Cruise Rider Flair,"100,00","100,00",0%
485,adidas Consortium,Scuba Phormar x Craig Green,"250,00","250,00",0%
486,adidas Consortium,Scuba Phormar x Craig Green,"250,00","250,00",0%
487,Puma,Women's Cali Star,"90,00","90,00",0%
488,Nike,Waffle Trainer 2 ,"90,00","90,00",0%
489,New Balance,"991 ""Made in England""","230,00","230,00",0%
490,HOKA One One,Bondi L,"170,00","170,00",0%
491,Converse,Weapon Cx Mid,"110,00","110,00",0%
492,HOKA One One,Ora Recovery Slides,"50,00","50,00",0%
493,Nike,Waffle Trainer 2,"90,00","90,00",0%
494,Nike,Women's Print Victori One Slides,"35,00","35,00",0%
495,Nike, Victori One Slides,"30,00","30,00",0%
496,Nike, Victori One Slides,"30,00","30,00",0%
497,Nike, Victori One Slides,"30,00","30,00",0%
498,Nike SB,Shane Premium,"85,00","85,00",0%
499,11 By Boris Bidjan Saberi,Bamba 2 High GTX x Salomon,"540,00","540,00",0%
500,11 By Boris Bidjan Saberi,Bamba 2 High x Salomon,"480,00","480,00",0%
501,11 By Boris Bidjan Saberi,Bamba 5 x Salomon,"395,00","395,00",0%
502,Reebok,Woman's Club C Double Geo,"100,00","100,00",0%
503,adidas,Retropy E5,"120,00","120,00",0%
504,adidas,Women's Forum Bold,"110,00","110,00",0%
505,Converse,Chuck Taylor All Star CX FlyEase,"95,00","95,00",0%
506,Converse,Chuck Taylor All Star CX FlyEase,"95,00","95,00",0%
507,Puma,RS-Z Re.Gen,"120,00","120,00",0%
508,Nike,Air VaporMax 2021 FK,"220,00","220,00",0%
509,Nike,Air VaporMax 2021 FK,"220,00","220,00",0%
510,Nike,Women's Waffle One,"100,00","100,00",0%
511,Comme des Garçons Play,Chuck 70 Hi x Converse,"140,00","140,00",0%
512,adidas Y-3,Kaiwa,"350,00","350,00",0%
513,adidas Y-3,Shiku Run,"330,00","330,00",0%
514,adidas,Superturf Adventure x Sean Wotherspoon x Atmos,"160,00","160,00",0%
515,Rick Owens,Beatle Bozo Tractor,"890,00","890,00",0%
516,Rick Owens,Beatle Bozo Tractor ,"890,00","890,00",0%
517,Rick Owens,Hiking Tractor,"1.305,00","1.305,00",0%
518,Nike,Jordan MA2,"130,00","130,00",0%
519,adidas,Forum x Home Alone,"110,00","110,00",0%
520,Nike,Women's Dunk High Up ,"120,00","120,00",0%
521,Nike, Free Terra Vista,"120,00","120,00",0%
522,Nike, Waffle Trainer 2,"90,00","90,00",0%
523,Converse,Chuck Canvas 70 LTD OX,"160,00","160,00",0%
524,Converse,"Chuck 70 Canvas LTD Hi ""Trek""","200,00","200,00",0%
525,Nike,Women's Dunk High Up,"120,00","120,00",0%
526,Nike,Women's Blazer Low '77 Jumbo,"95,00","95,00",0%
527,Nike,Women's Blazer Low '77 Jumbo,"95,00","95,00",0%
528,Converse,"Chuck 70 Canvas LTD Hi ""Trek""","200,00","200,00",0%
529,adidas,Niteball,"120,00","120,00",0%
530,adidas,Niteball,"120,00","120,00",0%
531,Hender Scheme,Leather Slippers,"145,00","145,00",0%
532,adidas,Superturf Adventure,"160,00","160,00",0%
533,adidas,ZX 5K Boost Lerna,"160,00","160,00",0%
534,adidas,Superstar 82,"120,00","120,00",0%
535,adidas,Ultraboost 5.0 DNA,"180,00","180,00",0%
536,adidas,"Ultraboost DNA ""Mono CNY""","180,00","180,00",0%
537,adidas,Women's Adilette Bonega,"80,00","80,00",0%
538,Rick Owens,Leather Sneakers,"805,00","805,00",0%
539,Rick Owens,Leather Geobasket,"805,00","805,00",0%
540,Rick Owens,Leather Geobasket,"880,00","880,00",0%
541,Rick Owens,Leather Low Sneakers,"675,00","675,00",0%
542,Puma,Women's Suede Mayu Up,"110,00","110,00",0%
543,Puma,Women's Cali Dream Leather,"100,00","100,00",0%
544,Puma,Women's Cali Dream Metal,"100,00","100,00",0%
545,Puma,Kid's Suede Tiny PS,"65,00","65,00",0%
546,Puma,Kid's Suede Tiny PS,"65,00","65,00",0%
547,Puma,Basket VTG,"90,00","90,00",0%
548,Puma,Women's Suede Mayu Mix ,"100,00","100,00",0%
549,Jordan,"Jordan 1 Retro High OG (TD) ""Patent Bread""","60,00","60,00",0%
550,Puma,Mirage Sport SC,"130,00","130,00",0%
551,Puma,"Slipstream Low VTG ""The NeverWorn""","110,00","110,00",0%
552,Puma,"Suede VTG ""The NeverWorn""","100,00","100,00",0%
553,Puma,Women's Suede Mayu Up,"110,00","110,00",0%
554,Puma,Basket VTG,"90,00","90,00",0%
555,Puma,Women's Suede Mayu Leather Slip-On,"90,00","90,00",0%
556,Puma,Women's Suede Mayu Leather Slip-On,"90,00","90,00",0%
557,Puma,Muenster OG,"110,00","110,00",0%
558,Puma,Muenster OG,"110,00","110,00",0%
559,Hender Scheme,Manual Industrial Products 14 Boots,"815,00","815,00",0%
560,Nike,Women's Air Huarache,"120,00","120,00",0%
561,Nike,Women's Blazer Mid '77 Jumbo,"110,00","110,00",0%
562,adidas,"Forum 84 Low ""Candy Cane""","100,00","100,00",0%
563,adidas,"Forum 84 Hi ""Candy Cane""","120,00","120,00",0%
564,Nike,Free Terra Vista,"120,00","120,00",0%
565,Nike,Air Huarache LE,"120,00","120,00",0%
566,Saucony,"Shadow 6000 ""White Rabbit"" x Extra Butter","150,00","150,00",0%
567,Converse,Run Star Hike Hi,"70,00","140,00",50%
568,Converse,Women's Run Star Motion OX,"110,00","110,00",0%
569,Converse,Chuck 70 Utility Hi,"140,00","140,00",0%
570,Converse,Women's Run Star Motion OX,"110,00","110,00",0%
571,Le Coq Sportif,Tennis,"105,00","105,00",0%
572,Saucony,Shadow 6000 x Alife ,"150,00","150,00",0%
573,Salomon,XT-Wings 2 ,"145,00","145,00",0%
574,Le Coq Sportif,Tennis,"105,00","105,00",0%
575,Le Coq Sportif,Olympia Winter Arpin,"250,00","250,00",0%
576,adidas,Women's Stan Smith ,"100,00","100,00",0%
577,Jordan,"Women's Air Jordan 14 Retro Low ""Shocking Pink""","190,00","190,00",0%
578,adidas,Gazelle ADV x Paradigme,"110,00","110,00",0%
579,adidas,Forum Low,"100,00","100,00",0%
580,New Balance,992 Made in USA,"250,00","250,00",0%
581,New Balance,920 V1 Made in UK,"220,00","220,00",0%
582,Nike,Air Pegasus 83 Premium,"100,00","100,00",0%
583,Converse,Chuck 70 Hi,"100,00","100,00",0%
584,adidas,Streetball II,"140,00","140,00",0%
585,adidas,Women's Stan Smith ,"120,00","120,00",0%
586,Nike,Women's Air More Uptempo,"160,00","160,00",0%
587,adidas,"Dame 8 ""Dame Time""","120,00","120,00",0%
588,adidas,ZX 5K Boost ,"160,00","160,00",0%
589,Reebok,Zig Kinetica II Edge,"130,00","130,00",0%
590,Reebok,Club C Revenge Vintage,"100,00","100,00",0%
591,adidas,Women's Forum Bonega,"110,00","110,00",0%
592,adidas,Streetball II,"140,00","140,00",0%
593,Reebok,Women's Classic Leather x Cardi B,"120,00","120,00",0%
594,Reebok,Women's Classic Leather x Cardi B,"120,00","120,00",0%
595,adidas,Streetball II,"140,00","140,00",0%
596,adidas,Women's Forum Bonega Mid,"120,00","120,00",0%
597,Nike SB,Zoom Blazer Mid Premium,"110,00","110,00",0%
598,adidas,Forum Low,"100,00","100,00",0%
599,adidas,Women's ZX 5K Boost,"160,00","160,00",0%
600,Nike,Air Pegasus 83 Premium,"100,00","100,00",0%
601,Clarks,Wallabee Boots x Sweet Chick,"190,00","190,00",0%
602,Clarks,Wallabee Boots x Sweet Chick,"190,00","190,00",0%
603,Puma,Women's Mayze Flutur x Dua Lipa,"130,00","130,00",0%
604,Nike,Air VaporMax 2021 FK,"220,00","220,00",0%
605,Nike,Women's Air Force 1 Fontanka,"110,00","110,00",0%
606,Reebok,Women's Classic Leather x Cardi B,"120,00","120,00",0%
607,Rick Owens DRKSHDW,Performance Runner x VEJA,"250,00","250,00",0%
608,Vans Vault,Chukka Sierra LX OG,"90,00","90,00",0%
609,Rick Owens DRKSHDW,Performance Runner x VEJA,"250,00","250,00",0%
610,adidas,Women's Ultraboost 5.0 DNA,"180,00","180,00",0%
611,adidas,Women's Bryony x Disney,"110,00","110,00",0%
612,New Balance,990 V3 Made in USA,"220,00","220,00",0%
613,Nike,Air Huarache ,"130,00","130,00",0%
614,Jordan,"Women's Air Jordan 1 Zoom Air Comfort ""Bred""","140,00","140,00",0%
615,Le Coq Sportif,"LCS R1000 x SVD ""Energy Rooster""","180,00","180,00",0%
616,Converse,Weapon Cx Mid University,"120,00","120,00",0%
617,Converse,Women's Chuck 70 Hi,"95,00","95,00",0%
618,adidas,Hu NMD x Billionaire Boys Club,"220,00","220,00",0%
619,Nike,"LeBron 9 ""Watch the Throne""","200,00","200,00",0%
620,Vans Vault,Authentic VLT LX,"120,00","120,00",0%
621,Vans Vault,Old Skool VLT LX,"110,00","110,00",0%
622,Vans Vault,Sk8-Hi Reissue V VLT LX,"120,00","120,00",0%
623,Vans Vault,Old Skool V VLT LX,"110,00","110,00",0%
624,Vans Vault,Old Skool V VLT LX,"110,00","110,00",0%
625,Vans Vault,Chukka Sierra LX OG,"90,00","90,00",0%
626,Vans,Old Skool 36 DX,"95,00","95,00",0%
627,Vans,Authentic 44 DX,"85,00","85,00",0%
628,Vans,Authentic 44 DX,"85,00","85,00",0%
629,Nike,"Air Max Plus SE ""Running Club""","180,00","180,00",0%
630,Nike,Air Max 90 NRG,"140,00","140,00",0%
631,Nike,Women's Air Force 1 High Sculpt,"130,00","130,00",0%
632,Nike,Air Flight Lite Mid,"120,00","120,00",0%
633,VEJA,Women's V-10 Leather,"130,00","130,00",0%
634,VEJA,V-10 Leather,"130,00","130,00",0%
635,VEJA,V-12 Leather,"130,00","130,00",0%
636,VEJA,V-10 Leather,"130,00","130,00",0%
637,VEJA,Venturi Alveo Mesh,"155,00","155,00",0%
638,VEJA,Women's Venturi Suede,"155,00","155,00",0%
639,VEJA,Women's Nova Canvas,"85,00","85,00",0%
640,Vans Vault,Chukka Boot VLT Lx x Cali Thornhill Dewitt,"95,00","95,00",0%
641,Vans Vault,Classic Slip-On VLT Lx x Cali Thornhill Dewitt,"90,00","90,00",0%
642,Vans Vault,Sk8-Hi VLT LX x Cali Thornhill Dewitt,"100,00","100,00",0%
643,Vans Vault,Era VLT LX x Cali Thornhill Dewitt,"90,00","90,00",0%
644,Vans Vault,Old Skool VLT x Cali Thornhill Dewitt,"95,00","95,00",0%
645,adidas,Lyon,"110,00","110,00",0%
646,Nike,Zoom 004 x MMW,"450,00","450,00",0%
647,Rick Owens,Women's Gryphon Sandals x Dr. Martens,"148,50","270,00",45%
648,Nike SB,Chron 2,"65,00","65,00",0%
649,Nike,Air Force 1 '07,"120,00","120,00",0%
650,Suicoke,Depa-ECS,"72,50","145,00",50%
651,Suicoke,Von Slides,"47,50","95,00",50%
652,Reebok,Legacy 83 [Ree]Cycled,"50,00","100,00",50%
653,Suicoke,DEPA-Cab,"60,00","120,00",50%
654,New Balance,WL574V2,"55,00","100,00",45%
655,Puma,Women's Mayze Glow,"110,00","110,00",0%
656,adidas Consortium,CG Scuba Phormar,"250,00","250,00",0%
657,Nike,Women's Air Force 1 High Sculpt,"120,00","120,00",0%
658,adidas,Forum Low,"100,00","100,00",0%
659,Nike,"Women's Air Max 90 ""Safari""","150,00","150,00",0%
660,Dr. Martens,Black 2976 Chelsea Boots x Neighborhood,"170,50","310,00",45%
661,Le Coq Sportif,LCS R1000,"50,00","100,00",50%
662,Converse,Weapon Cx Mid Kinetic,"60,00","120,00",50%
663,adidas,Ultraboost 22,"190,00","190,00",0%
664,adidas,Ultraboost 22,"190,00","190,00",0%
665,adidas,Ultraboost 22,"190,00","190,00",0%
666,Nike,Be-Do-Win SP,"71,50","130,00",45%
667,Converse,Chuck 70 Utility Hi,"140,00","140,00",0%
668,Converse,Chuck 70 Utility Hi,"70,00","140,00",50%
669,Converse,Chuck 70 Hi ,"55,00","110,00",50%
670,Converse,Chuck 70 Hi ,"47,50","95,00",50%
671,Crocs,Classic Clog,"30,00","50,00",40%
672,adidas,Women's Superstar Bonega,"110,00","110,00",0%
673,Nike,Air Max Pre-Day ,"71,50","130,00",45%
674,adidas,Forum Mid,"110,00","110,00",0%
675,adidas,Forum Mid,"110,00","110,00",0%
676,Puma,Women's Cali Dream,"100,00","100,00",0%
677,Puma,Women's Suede Mayu,"100,00","100,00",0%
678,Puma,Women's Suede Mayu,"100,00","100,00",0%
679,Puma,Women's Suede Mayu,"100,00","100,00",0%
680,Nike SB,Zoom Blazer Mid Premium,"110,00","110,00",0%
681,MCQ,IC0 Slides,"120,00","120,00",0%
682,MCQ,Orbyt Descender 2.0,"275,00","275,00",0%
683,Jordan,Women’s Air Jordan 11 “Animal Instinct”,"190,00","190,00",0%
684,Jordan,"Air Jordan 13 Retro Low ""Single's Day""","200,00","200,00",0%
685,Vans Vault,Old Skool LX OG,"45,00","90,00",50%
686,Vans Vault,Old Skool LX OG,"45,00","90,00",50%
687,Nike,"Air Huarache LE ""Praline""","71,50","130,00",45%
688,adidas,Stan Smith ,"100,00","100,00",0%
689,adidas,Women's Stan Smith Bonega,"110,00","110,00",0%
690,Nike,"ACG Air Mada ""Vachetta Tan""","145,00","145,00",0%
691,Nike,Blazer Mid '77 Jumbo,"110,00","110,00",0%
692,Le Coq Sportif,Court Aero ,"180,00","180,00",0%
693,Le Coq Sportif,Court Aero ,"180,00","180,00",0%
694,Le Coq Sportif,Gaia Ventile,"120,00","120,00",0%
695,Hombre Niño,Double Foot Wear Suede Shoes ,"132,50","265,00",50%
696,Nike SB,Chron 2,"65,00","65,00",0%
697,Nike,Waffle Trainer 2 SD,"55,00","100,00",45%
698,Vans Vault,Style 36 LX OG,"54,00","90,00",40%
699,adidas,Forum Tech Boost x Xbox,"90,00","180,00",50%
700,Hombre Niño,Double Foot Wear Suede Shoes ,"132,50","265,00",50%
701,Hombre Niño,Double Foot Wear Suede Shoes ,"132,50","265,00",50%
702,Nike,ACG Air Mowabb,"136,00","170,00",20%
703,Nike,ACG Air Mowabb,"93,50","170,00",45%
704,Nike,ACG Air Mowabb,"93,50","170,00",45%
705,Jordan,Women's Air Jordan 1 Acclimate,"150,00","150,00",0%
706,Nike,ACG Mountain Fly GTX,"176,00","220,00",20%
707,Vans Vault,"Mid Zoo Skool VLT LX ""Unstuffed Animal""","130,00","130,00",0%
708,Vans Vault,"Mid Zoo Skool VLT LX ""Unstuffed Animal""","130,00","130,00",0%
709,Vans Vault,Authentic LX,"42,50","85,00",50%
710,Vans Vault,"Mid Zoo Skool VLT LX ""Unstuffed Animal""","130,00","130,00",0%
711,adidas Consortium,Forum Hi Humanchives x Kerwin Frost,"125,00","250,00",50%
712,adidas Consortium,Forum Low Benchmate x Kerwin Frost,"90,00","180,00",50%
713,adidas,NMD_R1,"140,00","140,00",0%
714,adidas,NMD_R1,"140,00","140,00",0%
715,adidas,NMD_R1 Primeblue,"140,00","140,00",0%
716,adidas,Terrex Hikster Low Hiking,"150,00","150,00",0%
717,adidas,Terrex Urban Low Leather Hiking,"140,00","140,00",0%
718,adidas,Terrex Voyager 21 Travel,"100,00","100,00",0%
719,Nike,Free Terra Vista,"66,00","120,00",45%
720,Converse,Run Star Hike Hi,"110,00","110,00",0%
721,New Balance,990 V2 Made in USA ,"220,00","220,00",0%
722,Converse,Tech Patchwork Chuck 70 Hi,"75,00","150,00",50%
723,Nike,Air Zoom-Type Crater,"82,50","150,00",45%
724,adidas,Forum Low,"100,00","100,00",0%
725,VEJA,V-12,"125,00","125,00",0%
726,adidas,Stan Smith x Star Wars 'Yoda',"66,00","120,00",45%
727,Reebok,Project 0 CC TL x Maison Margiela,"120,00","300,00",60%
728,adidas,Forum Mid ,"110,00","110,00",0%
729,adidas,Ultraboost 1.0 DNA,"180,00","180,00",0%
730,11 By Boris Bidjan Saberi,Bamba 2 High GTX x SVD,"475,00","660,00",28%
731,Vans,Authentic 44 DX,"47,50","95,00",50%
732,Vans Vault,Slip Hiker Lx,"71,50","130,00",45%
733,Vans Vault,Authentic LX,"42,50","85,00",50%
734,Vans Vault,Style 36 ,"50,00","100,00",50%
735,Puma,Women's Cali Dream,"100,00","100,00",0%
736,Vans,Bold Ni,"50,00","100,00",50%
737,Vans,Sk8-Hi 38 ,"60,00","120,00",50%
738,Vans,Sk8-Hi 38 DX,"55,00","110,00",50%
739,adidas,Cord,"50,00","100,00",50%
740,Puma,Women's Cruise Rider Flair,"50,00","100,00",50%
741,Puma,Women's Suede Mayu ,"100,00","100,00",0%
742,Nike,Women's Lahar Low ,"71,50","130,00",45%
743,Jordan,Jordan Series .03 ,"48,00","80,00",40%
744,Crocs,Minions Clog,"40,00","40,00",0%
745,Nike,Women's Internationalist ,"49,50","90,00",45%
746,Converse,Skid Grip CVO Ox,"37,50","75,00",50%
747,Nike,Women's Air Huarache ,"71,50","130,00",45%
748,Vans,Old Skool 36 DX,"45,00","90,00",50%
749,Vans,SK8-Hi 38 DX,"47,50","95,00",50%
750,Converse,"Chuck 70 Hi ""Trek""","100,00","200,00",50%
751,adidas,Adilette Teddy Bear x Jeremy Scott,"80,00","80,00",0%
752,adidas Consortium,Equipment Prototype,"65,00","130,00",50%
753,adidas Consortium,Equipment Race Walk,"50,00","100,00",50%
754,adidas Consortium,Equipment CSG 91,"65,00","130,00",50%
755,Nike,"Women's Dunk High Up ""Varsity Maize""","120,00","120,00",0%
756,Nike SB,SB Shane,"85,00","85,00",0%
757,Vans,Era 95 DX,"42,50","85,00",50%
758,Vans,UA Style 73 DX,"45,00","90,00",50%
759,Vans,UA Old Skool 36 DX,"45,00","90,00",50%
760,Vans,UA Authentic 44 DX,"40,00","80,00",50%
761,Nike,Free Run Trail,"66,00","120,00",45%
762,New Balance,Higher Learning ,"49,50","90,00",45%
763,adidas,Ultraboost 5.0 DNA,"90,00","180,00",50%
764,adidas,Women's Forum 84 Hi,"71,50","130,00",45%
765,Nike,Women's Blazer Low Platform ,"57,75","105,00",45%
766,Nike,"Air Force 1 '07 Premium ""Halloween""","120,00","120,00",0%
767,Nike,"Dunk Low Retro Premium ""Halloween""","120,00","120,00",0%
768,adidas,Superstar AEC SuperEarth x Sean Wotherspoon,"66,00","110,00",40%
769,RAF SIMONS,Cycloid-4,"365,00","730,00",50%
770,New Balance,991 Made in UK,"210,00","210,00",0%
771,Nike,Free Run Trail,"66,00","120,00",45%
772,Nike,Free Run 2,"60,50","110,00",45%
773,Nike SB,Shane Premium,"85,00","85,00",0%
774,Puma,Women's Cali Dream ,"100,00","100,00",0%
775,Nike,Free Run 2,"60,50","110,00",45%
776,Vans,Bold Ni,"55,00","110,00",50%
777,Jordan,"Women's Air Jordan 1 Mid ""Grey Fog""","120,00","120,00",0%
778,Nike,"Dunk Low Retro ""Midas Gold""","100,00","100,00",0%
779,Nike,Free Terra Vista ,"66,00","120,00",45%
780,adidas,Women's Ultraboost 5.0 DNA,"90,00","180,00",50%
781,Converse,Chuck 70 Canvas LTD Hi,"60,00","120,00",50%
782,Converse,Chuck 70 Hi,"47,50","95,00",50%
783,Nike,"Air Force 1 Mid Jewel ""NYC Cool Grey""","110,00","110,00",0%
784,Nike,"Air Force 1 Mid Jewel ""NYC Midnight Navy""","110,00","110,00",0%
785,RAF SIMONS,Cylon-21,"210,00","420,00",50%
786,Vans,Chukka 49 Dx,"47,50","95,00",50%
787,Converse,Chuck 70 Canvas LTD Hi,"60,00","120,00",50%
788,Nike,Women's Air Force 1 '07 Essential,"100,00","100,00",0%
789,Reebok,Classic Leather Legacy AZ,"50,00","100,00",50%
790,Vans,Old Skool VLT LX x Patta,"50,00","100,00",50%
791,Asics,Gel-Lyte III OG,"65,00","130,00",50%
792,Vans,Sk8-Hi 38 DX,"50,00","100,00",50%
793,Vans,Style 36 VLT Lx,"50,00","100,00",50%
794,Converse,Chuck 70 Hi ,"52,50","105,00",50%
795,Nike,Women's Air Max 90,"70,00","140,00",50%
796,Nike,"Women's Air Force 1 ""Light Bone"" ","120,00","120,00",0%
797,C2H4,Mountain Edition Nightwalker x Vans ,"77,00","140,00",45%
798,C2H4,Era Virtual Reality Alpha x Vans ,"66,00","120,00",45%
799,C2H4,Old Skool x Vans ,"68,75","125,00",45%
800,C2H4,Old Skool x Vans ,"68,75","125,00",45%
801,C2H4,Era Virtual Reality Beta x Vans ,"66,00","120,00",45%
802,Jordan,"Air Jordan 11 Retro Low IE ""Bred""","140,00","175,00",20%
803,Reebok,Ecto Boot  x Ghostbusters,"180,00","180,00",0%
804,Salomon,S/Lab Pulsar Black Limited,"210,00","210,00",0%
805,Birkenstock,Amsterdam,"55,00","55,00",0%
806,New Balance,Higher Learning ,"49,50","90,00",45%
807,New Balance,Redefine,"120,00","120,00",0%
808,New Balance,Women's Color Theory,"90,00","90,00",0%
809,Crocs,Classic Lined Clog,"55,00","55,00",0%
810,Converse,Chuck 70 2 In 1 Hi x Feng Chen Wang,"81,00","180,00",55%
811,Converse,Chuck 70 2 In 1 Hi x Feng Chen Wang,"81,00","180,00",55%
812,Reebok,Workout Plus ,"55,00","110,00",50%
813,Reebok,Beatnik,"60,00","120,00",50%
814,Crocs,Kid's Classic All Terrain 2 Clog x Space Jam,"24,00","40,00",40%
815,Vans,Authentic 44 DX,"45,00","90,00",50%
816,Reebok,Classic Leather x Keith Haring,"50,00","100,00",50%
817,Reebok,Club C Legacy x Keith Haring,"55,00","110,00",50%
818,Rick Owens,Kid's Leather Geobasket,"445,00","445,00",0%
819,Rick Owens,Kid's Leather Geobasket,"445,00","445,00",0%
820,adidas,Women's Nizza RF Platform,"44,00","80,00",45%
821,Le Coq Sportif,R1000 VG Ventile,"75,00","150,00",50%
822,adidas Y-3,Terrex Swift R3 GTX,"320,00","400,00",20%
823,adidas,Ultraboost DNA x LEGO,"99,00","180,00",45%
824,New Balance,XC72 x Casablanca,"150,00","150,00",0%
825,Nike,LeBron VIII x Space Jam: A New Legacy,"160,00","200,00",20%
826,HOKA One One,Bondi SR,"150,00","150,00",0%
827,Vans,Era 95 DX,"50,00","100,00",50%
828,Vans,Sk8-Hi 38 DX,"55,00","110,00",50%
829,Vans,Sk8-Hi 38 DX,"60,00","120,00",50%
830,Vans,Slip-On 98 DX,"46,75","85,00",45%
831,Vans,Authentic 44 DX ,"42,50","85,00",50%
832,Vans,Authentic 44 DX,"45,00","90,00",50%
833,Vans,"Bold Ni ""Dalmatian""","55,00","110,00",50%
834,Vans,Authentic 44 DX,"42,50","85,00",50%
835,Reebok,Zig Kinetica x Ghostbusters,"30,00","60,00",50%
836,Reebok,Answer IV x Ghostbusters,"200,00","200,00",0%
837,adidas,Sichona x Humanrace,"99,00","180,00",45%
838,Reebok,Club C Cleated Mid x Rothco,"60,00","120,00",50%
839,Hender Scheme,Commando Mule,"575,00","575,00",0%
840,Crocs,Classic Lined Clog,"55,00","55,00",0%
841,Nike,Women's Air Force 1 '07 ,"120,00","120,00",0%
842,Vans,Sk8-Hi 38 DX,"55,00","110,00",50%
843,Vans,Lampin 86 DX,"42,50","85,00",50%
844,Vans,Lampin 86 DX,"42,50","85,00",50%
845,Vans,Lampin 86 DX,"42,50","85,00",50%
846,Vans,Sk8-Hi 38 DX ,"47,50","95,00",50%
847,Vans,Old Skool 36 DX,"100,00","100,00",0%
848,Vans,Authentic 44 DX ,"45,00","90,00",50%
849,Crocs,Classic Lined Clog,"55,00","55,00",0%
850,Crocs,Classic Clog ,"30,00","30,00",0%
851,Nike,Women's Air Force 1 Fontanka ,"88,00","110,00",20%
852,Crocs,Classic Clog ,"30,00","30,00",0%
853,Converse,Chuck 70 Hi Sedona ,"60,00","120,00",50%
854,Converse,Chuck 70 Hi Sedona,"60,00","120,00",50%
855,New Balance,574,"67,50","90,00",25%
856,adidas,TRX Mesh,"50,00","100,00",50%
857,RAF SIMONS,Orion,"110,00","220,00",50%
858,RAF SIMONS,Cylon-22,"225,00","450,00",50%
859,RAF SIMONS,Cylon-22,"225,00","450,00",50%
860,RAF SIMONS,Cycloid -4 - 2001,"340,00","680,00",50%
861,RAF SIMONS,Cylon - 21 ,"210,00","420,00",50%
862,adidas,Geodiver +,"60,00","120,00",50%
863,Vans,Sk8-Hi Reissue VLT LX x Patta,"55,00","110,00",50%
864,Dr. Martens,1461 Mono Patent Lamper,"126,50","230,00",45%
865,Nike,Air Huarache LE,"71,50","130,00",45%
866,Vans,Old Skool Platform,"50,00","100,00",50%
867,Vans,Sk8-Hi Reissue LX,"60,50","110,00",45%
868,Vans,EVDNT RW Ultimate Waffle,"62,50","125,00",50%
869,Vans,Slip-On Lx OG,"60,00","120,00",50%
870,New Balance,Women's 5740 V1,"71,50","130,00",45%
871,adidas,Retropy P9,"80,00","160,00",50%
872,Le Coq Sportif,Gaia Velcro,"115,00","115,00",0%
873,adidas Consortium,Campus 80 Bookwork,"50,00","100,00",50%
874,Vans Vault,Authentic Lx OG x Nigel Cabourn,"60,50","110,00",45%
875,Vans Vault,Authentic Lx OG x Nigel Cabourn,"60,50","110,00",45%
876,Vans Vault,Slip-On Lx OG x Nigel Cabourn,"55,00","100,00",45%
877,Vans Vault,Style 24 Lx OG x Nigel Cabourn,"66,00","120,00",45%
878,Nike SB,Blazer Mid ,"85,00","85,00",0%
879,Nike,Women's Air Max Furyosa,"150,00","150,00",0%
880,Reebok,Versa Pump Fury ,"60,00","60,00",0%
881,Nike,Air Huarache ,"71,50","130,00",45%
882,Reebok,Club C Revenge x Jelly Beans,"50,00","100,00",50%
883,Reebok,InstaPump Fury OG x Jelly Beans,"100,00","200,00",50%
884,Reebok,Kid's Club C Revenge x Jelly Beans,"25,00","50,00",50%
885,Nike,Women's Air Huarache ,"66,00","120,00",45%
886,Nike,Free Run 2,"110,00","110,00",0%
887,Converse,CTAS Lugged Winter 2.0 Hi,"60,50","110,00",45%
888,Salomon, XT-4 Advanced,"190,00","190,00",0%
889,Salomon, XT-4 Advanced,"190,00","190,00",0%
890,Nike,"Air Force 1 Low SP x Undefeated ""Dunk Vs AF1""","120,00","120,00",0%
891,Reebok,Zig Kinetica II Edg,"70,00","140,00",50%
892,Reebok,Zig Kinetica II Edg,"70,00","140,00",50%
893,adidas Consortium,Ozrah Ruby9100M,"70,00","140,00",50%
894,adidas Consortium,GSG Mule x 032C,"88,00","160,00",45%
895,adidas Consortium,GSG TR x 032C,"110,00","220,00",50%
896,Converse,One Star OX Mellow Mild,"45,00","90,00",50%
897,Converse,One Star OX Mellow Mild,"45,00","90,00",50%
898,Vans,Amazon TRL ,"85,00","170,00",50%
899,Junya Watanabe MAN,Shoes ,"162,50","325,00",50%
900,Vans,Amazon TRL ,"85,00","170,00",50%
901,Reebok,Workout Plus,"55,00","110,00",50%
902,adidas Consortium,Superturf Adventure x Sean Wotherspoon,"96,00","160,00",40%
903,adidas,Dame 7 Extply x Reebok,"60,50","110,00",45%
904,Crocs,Classic Lined Clog,"55,00","55,00",0%
905,adidas,Terrex Hyperblue Mid R.Rdy,"75,00","150,00",50%
906,Crocs,"Clog x Star Wars ""Mandalorian""","36,00","60,00",40%
907,Boris Bidjan Saberi,Bamba 1.1,"708,00","885,00",20%
908,Puma,Leadcat Slide x Neymar Jr,"25,00","50,00",50%
909,Nike,Women's Air Force 1 Fontanka,"110,00","110,00",0%
910,Reebok,Club C Laceless Mule x BEAMS x Paperboy,"60,00","120,00",50%
911,Nike, Overbreak ,"77,00","140,00",45%
912,Converse,Chuck 70 Hi x Basquiat ,"49,50","110,00",55%
913,Converse,Skid Grip OX x Basquiat,"38,25","85,00",55%
914,adidas,Ultra 4D x University of Miami ,"110,00","220,00",50%
915,adidas,Ultra 4D x Arizona State University ,"110,00","220,00",50%
916,Suicoke,DARE-Sevab,"120,00","240,00",50%
917,VEJA,V-15,"140,00","140,00",0%
918,Suicoke,DARE-Sevab,"120,00","240,00",50%
919,Vans,Authentic LX OG,"45,00","90,00",50%
920,Vans,Authentic LX OG,"49,50","90,00",45%
921,Vans,Authentic LX OG,"45,00","90,00",50%
922,Dr. Martens,DM Mura x Suicoke,"126,50","230,00",45%
923,Dr. Martens,DM Mura x Suicoke,"126,50","230,00",45%
924,Reebok,Aztec  II,"50,00","100,00",50%
925,Nike SB,Nyjah Free 2 ,"95,00","95,00",0%
926,Salomon, XT-4 Advanced,"190,00","190,00",0%
927,Salomon,Raid Wind Advanced,"170,00","170,00",0%
928,Salomon,Raid Wind Advanced,"170,00","170,00",0%
929,Patta,Ranger Mid x Sebago ,"165,00","300,00",45%
930,Patta,Ranger Mid x Sebago ,"165,00","300,00",45%
931,adidas,Orion,"45,00","90,00",50%
932,adidas,Stan Smith ,"55,00","110,00",50%
933,Reebok,Club C 1985 TV,"100,00","100,00",0%
934,Reebok,Club C 1985 TV,"50,00","100,00",50%
935,Reebok,Club C 1985 TV,"50,00","100,00",50%
936,adidas,Glenbuck,"60,50","110,00",45%
937,Jordan,Jordan Delta 2 ,"130,00","130,00",0%
938,Reebok,Instapump Fury,"110,00","220,00",50%
939,Nike SB, SB Chron 2,"65,00","65,00",0%
940,Nike,Waffle Trainer 2 ,"55,00","100,00",45%
941,adidas,Ultraboost 20 x James Bond,"110,00","200,00",45%
942,adidas,Ultraboost 20 x James Bond,"110,00","200,00",45%
943,adidas,Ultraboost 20 x James Bond,"110,00","200,00",45%
944,Vans,Authentic x Aries Arise,"50,00","100,00",50%
945,Vans,Authentic x Aries Arise,"50,00","100,00",50%
946,Vans,Sk8-Mid x Aries Arise,"65,00","130,00",50%
947,Vans,Sk8-Mid x Aries Arise,"65,00","130,00",50%
948,Vans,Chukka Boot x Aries Arise,"60,00","120,00",50%
949,adidas,Triple Platforum Hi x Afropunk,"160,00","160,00",0%
950,Vans Vault,Half Cab EF VLT LX,"50,00","100,00",50%
951,Vans,Sk8-Hi 38 DX,"47,50","95,00",50%
952,Salomon,Odyssey 1 Advance,"170,00","170,00",0%
953,Salomon,Odyssey 1 Advance,"170,00","170,00",0%
954,Salomon,Odyssey 1 Advance,"170,00","170,00",0%
955,Salomon,XT-6 Advance,"180,00","180,00",0%
956,Salomon,XA-Alpine Mid Advanced,"210,00","210,00",0%
957,Salomon,XA-Alpine Mid Advanced,"210,00","210,00",0%
958,Vans Vault,Sk8-Hi Reissue LX,"60,50","110,00",45%
959,Vans,Authentic VTL LX,"50,00","100,00",50%
960,Vans,Danger Acer Mesh NI SP,"45,00","90,00",50%
961,Vans,Danger Acer Mesh NI SP,"45,00","90,00",50%
962,Clarks,Wallabee Boots,"120,00","240,00",50%
963,Nike SB,Adversary Premium,"85,00","85,00",0%
964,New Balance,Higher Learning ,"55,00","100,00",45%
965,Nike SB,Zoom Janoski Canvas RM Premium,"85,00","85,00",0%
966,Vans Vault,"Sk8-Hi Reissue LX ""Dream Leather""","60,00","120,00",50%
967,Vans Vault,Sk8-Hi Reissue LX,"55,00","110,00",50%
968,Converse,Pro Leather X2 Tech Hi x Paria Farzaneh,"70,00","140,00",50%
969,Vans Vault,Sk8-Hi Reissue LX,"55,00","110,00",50%
970,Crocs,Women's Classic Platform Clog,"60,00","60,00",0%
971,Crocs,Classic Vacay Vibes Clog U,"50,00","50,00",0%
972,Nike SB,Nyjah Free 2,"95,00","95,00",0%
973,Nike SB,Shane,"75,00","75,00",0%
974,Nike SB,Bruin React,"100,00","100,00",0%
975,Salomon,XT-Wings 2 Advanced,"145,00","145,00",0%
976,Salomon,XT-Wings 2 Advanced,"145,00","145,00",0%
977,Nike,"Dunk Low Retro ""Georgetown""","100,00","100,00",0%
978,Nike,Free Run 2,"88,00","110,00",20%
979,Nike SB,Zoom Blazer Mid Premium,"100,00","100,00",0%
980,adidas,CT86,"50,00","100,00",50%
981,Nike,Waffle Trainer 2,"45,00","90,00",50%
982,Converse,Run Star Hike LTD Hi,"70,00","140,00",50%
983,adidas,Torino,"55,00","110,00",50%
984,adidas,Women's Valerance,"60,00","120,00",50%
985,Crocs,Classic All Terrain Outdoor x Beams,"70,00","70,00",0%
986,Vans,Authentic,"45,00","90,00",50%
987,Vans,Boot Skoot,"75,00","150,00",50%
988,Vans,Authentic,"45,00","90,00",50%
989,Vans,Slip-On,"60,00","120,00",50%
990,Vans,Boot Skoot,"75,00","150,00",50%
991,Vans,Epoch Racer x Taka Hayashi,"67,50","135,00",50%
992,Vans,SK8-HI Reissue,"55,00","110,00",50%
993,Vans,Epoch Racer x Taka Hayashi,"67,50","135,00",50%
994,Vans,Style 36,"50,00","100,00",50%
995,Nike,Waffle Trainer 2 SP,"50,00","100,00",50%
996,Nike SB,Nyjah Free 2,"47,50","95,00",50%
997,Nike SB,Shane T,"75,00","75,00",0%
998,Reebok,Question Mid,"80,00","160,00",50%
999,Reebok,BB 4000,"50,00","100,00",50%
1000,Reebok,Women's Club C Double Geo,"50,00","100,00",50%
1001,adidas,Indoor CT,"60,00","120,00",50%
1002,adidas,Stan Smith,"50,00","100,00",50%
1003,adidas,"Stan Smith ""Primegreen""","50,00","100,00",50%
1004,adidas,Stan Smith x Disney,"50,00","100,00",50%
1005,adidas,Stan Smith Mule,"45,00","90,00",50%
1006,Converse,"Chuck 70 Hi ""Hardwood Floor"" x NBA Jam","50,00","100,00",50%
1007,adidas,Stan Smith x Marvel,"50,00","100,00",50%
1008,adidas,Futurecraft 4D,"110,00","220,00",50%
1009,Reebok,Zig Kinetica II Edg,"65,00","130,00",50%
1010,adidas,Sichona x Humanrace,"108,00","180,00",40%
1011,Comme des Garçons Shirt,Tarther SC x Asics,"182,50","365,00",50%
1012,Comme des Garçons Shirt,Tarther SC x Asics,"182,50","365,00",50%
1013,Nike,Flow 2020 ISPA,"90,00","180,00",50%
1014,MCQ,BR7 Aratana,"130,00","260,00",50%
1015,adidas,Cassina PT,"50,00","100,00",50%
1016,Vans,EVDNT RW Ultimate Waffle,"125,00","125,00",0%
1017,Nike SB,Blazer Court,"65,00","65,00",0%
1018,Nike,Women's Air Max 95,"85,00","170,00",50%
1019,Nike SB,Nyjah Free 2,"95,00","95,00",0%
1020,Converse,Run Star Veloz OX,"65,00","130,00",50%
1021,Converse,Run Star Veloz OX,"65,00","130,00",50%
1022,Jordan,"Jordan 4 Retro (PS) ""Lightning""","80,00","80,00",0%
1023,Puma,Basket Vintage x Butter Goods,"71,50","130,00",45%
1024,Puma,Basket Vintage x Butter Goods,"65,00","130,00",50%
1025,Crocs,Classic Clog x Sankuanz,"150,00","150,00",0%
1026,Crocs,Classic Clog x Sankuanz,"150,00","150,00",0%
1027,Crocs,Classic Clog x Sankuanz,"150,00","150,00",0%
1028,Reebok,Women's CL Leather x Cardi B,"60,00","120,00",50%
1029,Reebok,CL Legacy AZ,"50,00","100,00",50%
1030,Converse,Chuck 70 Canvas LTD Hi,"85,00","170,00",50%
1031,Reebok,CL Legacy AZ,"50,00","100,00",50%
1032,Reebok,CL Legacy AZ,"50,00","100,00",50%
1033,Reebok,CL Legacy AZ,"50,00","100,00",50%
1034,adidas,Ozelia,"55,00","110,00",50%
1035,Converse,Skidgrip OX x John Elliott,"65,00","130,00",50%
1036,Converse,Skidgrip OX x John Elliott,"65,00","130,00",50%
1037,Converse,"Run Star Hike Hi Crater ""Hybrid Texture""","60,00","120,00",50%
1038,Converse,Chuck 70 Canvas LTD Hi,"85,00","170,00",50%
1039,adidas,"Forum Wings 1.0 ""Money"" x Jeremy Scott","200,00","200,00",0%
1040,Asics,"Gel-1090 x Bape ""Camo""","140,00","140,00",0%
1041,Reebok,"CL Leather ""Human Rights Now""","50,00","100,00",50%
1042,Reebok,"CL Leather ""Human Rights Now""","50,00","100,00",50%
1043,Nike,Free Run Trail Crater,"65,00","130,00",50%
1044,Nike,ACG Air Mowabb,"80,00","160,00",50%
1045,Nike SB,Bruin React,"100,00","100,00",0%
1046,adidas,Women's Ozelia,"55,00","110,00",50%
1047,adidas,Cassina PT ,"50,00","100,00",50%
1048,Nike SB,Zoom Stefan Janoski ,"85,00","85,00",0%
1049,Nike SB,Shane,"75,00","75,00",0%
1050,Nike,Pegasus Trail 3 ,"130,00","130,00",0%
1051,Nike,Zoomx Vaporfly Next,"250,00","250,00",0%
1052,Reebok,Club C Legacy x Pleasures ,"72,00","120,00",40%
1053,Reebok,Club C Legacy ,"50,00","100,00",50%
1054,Reebok,Answer IV,"80,00","160,00",50%
1055,adidas,ZX Fury,"100,00","200,00",50%
1056,adidas,ZX Fury,"100,00","200,00",50%
1057,Nike,Women's Air Max Pre-Day Lx,"70,00","140,00",50%
1058,Vans Vault,Authentic OG x FDMTL,"200,00","200,00",0%
1059,Vans Vault,Slip-On OG x FDMTL,"200,00","200,00",0%
1060,Vans Vault,Sk8 Hi OG x FDMTL,"220,00","220,00",0%
1061,Nike,Air Pegasus '83,"50,00","100,00",50%
1062,Nike,Women's Air Max Furyosa ,"160,00","160,00",0%
1063,adidas Consortium,EQT Racing x Human Made,"75,00","150,00",50%
1064,adidas Consortium,EQT Racing x Human Made,"75,00","150,00",50%
1065,adidas Consortium,Questar x Human Made,"75,00","150,00",50%
1066,Nike,Air Max Pre-Day Lx,"65,00","130,00",50%
1067,Puma,Ferrari Wild Rider,"65,00","130,00",50%
1068,Puma,Ferrari Wild Rider,"65,00","130,00",50%
1069,Reebok,Answer IV,"80,00","160,00",50%
1070,Reebok,BB 4000,"50,00","100,00",50%
1071,Converse,Chuck 70 GTX Hi,"60,00","120,00",50%
1072,Rick Owens DRKSHDW,Woven Padded High Sneakers,"515,00","515,00",0%
1073,Rick Owens DRKSHDW,Woven Padded Low Sneakers,"420,00","420,00",0%
1074,Rick Owens,Beatle Army Leather Boots,"602,50","1.205,00",50%
1075,Converse,Run Star Hike Hi,"70,00","140,00",50%
1076,Converse,Chuck 70 Hi Canvas,"70,00","140,00",50%
1077,Birkenstock,Arizona VL,"96,00","120,00",20%
1078,Birkenstock,Arizona Birko Flor,"65,00","65,00",0%
1079,Birkenstock,Arizona Birko Flor,"65,00","65,00",0%
1080,Crocs,Crocs x Mandalorian Kids,"24,00","40,00",40%
1081,Nike,Air Zoom Alphafly Next%,"300,00","300,00",0%
1082,Puma,Mirage Sport Remix,"44,00","110,00",60%
1083,Vans,Comfycush Sk8-Hi x Neighborhood,"60,50","110,00",45%
1084,Vans,Authentic 44 DX ,"40,00","80,00",50%
1085,Vans,Old Skool 36 DX ,"95,00","95,00",0%
1086,adidas,Women's Zentic ,"50,00","100,00",50%
1087,Reebok,Question Mid,"80,00","160,00",50%
1088,adidas,ZX Fury ,"100,00","200,00",50%
1089,adidas,Ultraboost DNA x LEGO,"81,00","180,00",55%
1090,adidas,Ultraboost DNA x LEGO,"81,00","180,00",55%
1091,Nike SB,SB Shane,"75,00","75,00",0%
1092,11 By Boris Bidjan Saberi,Bamba 2 Low x Salomon,"420,00","420,00",0%
1093,11 By Boris Bidjan Saberi,Bamba 2 Low x Salomon ,"420,00","420,00",0%
1094,11 By Boris Bidjan Saberi,Bamba 2 Low x Salomon,"420,00","420,00",0%
1095,11 By Boris Bidjan Saberi,Bamba 2 High x Salomon,"480,00","480,00",0%
1096,11 By Boris Bidjan Saberi,Bamba 5 x Salomon,"350,00","350,00",0%
1097,Vans,Authentic Lx OG x Bedwin & The Heartbreakers,"50,00","100,00",50%
1098,Vans,Authentic Lx OG x Bedwin & The Heartbreakers,"50,00","100,00",50%
1099,Vans,Authentic Lx OG x Bedwin & The Heartbreakers,"50,00","100,00",50%
1100,Vans,Old Skool Lx OG x Bedwin & The Heartbreakers,"55,00","110,00",50%
1101,Nike,Air Max Pre-Day Lx,"104,00","130,00",20%
1102,Asics,Gel-Lyte III OG,"70,00","140,00",50%
1103,adidas,Ultraboost 5.0 DNA,"90,00","180,00",50%
1104,11 By Boris Bidjan Saberi,Bamba 2 Low x Salomon,"420,00","420,00",0%
1105,11 By Boris Bidjan Saberi,Bamba 2 Low x Salomon,"420,00","420,00",0%
1106,adidas,Women's Stan Smith ,"55,00","110,00",50%
1107,adidas,Retropy P9,"80,00","160,00",50%
1108,adidas,ZX 1000 C,"50,00","100,00",50%
1109,Vans,Era 95 DX,"42,50","85,00",50%
1110,Vans,DIY Low,"90,00","180,00",50%
1111,Vans,Old Skool VLT LX x Patta,"55,00","100,00",45%
1112,Vans,Sk8-Hi Reissue VLT LX x Patta,"55,00","110,00",50%
1113,adidas,Women's Adilette,"25,00","50,00",50%
1114,adidas,Women's Forum 84 Low,"55,00","110,00",50%
1115,Vans,Sk8-Hi 38 DX,"47,50","95,00",50%
1116,Vans,Old Skool 36 DX,"45,00","90,00",50%
1117,Vans,Classic Slip-On 98 DX,"40,00","80,00",50%
1118,Vans,Bold Ni FT,"50,00","100,00",50%
1119,Vans,Acer Ni SP,"50,00","100,00",50%
1120,11 By Boris Bidjan Saberi,Bamba 2 Low x Salomon,"420,00","420,00",0%
1121,adidas,Rouge,"60,50","110,00",45%
1122,adidas,Bleu,"55,00","110,00",50%
1123,Nike, Air Force 1 ,"130,00","130,00",0%
1124,Asics,Gel-Kayano 14,"75,00","150,00",50%
1125,Reebok,Club C 85,"50,00","100,00",50%
1126,Reebok,Aztec II,"50,00","100,00",50%
1127,Reebok,Aztec II,"50,00","100,00",50%
1128,Puma,Basket Vintage 'Rudolf Dassler Legacy Collection',"55,00","110,00",50%
1129,Crocs,Classic Translucent Clog,"60,00","60,00",0%
1130,adidas,Ultraboost 5.0 DNA,"160,00","160,00",0%
1131,Vans,Style 47 Huarache ,"60,00","120,00",50%
1132,Puma,Wild Rider Vintage,"55,00","110,00",50%
1133,Puma,Universal RDL LB,"65,00","130,00",50%
1134,Birkenstock,Madrid BF ,"30,00","60,00",50%
1135,Birkenstock,Madrid BF ,"30,25","55,00",45%
1136,Birkenstock,Sydney Graceful Lavender Aura ,"32,50","65,00",50%
1137,Nike,Daybreak-Type ,"45,00","90,00",50%
1138,Nike SB,Zoom Janoski RM,"85,00","85,00",0%
1139,Nike,ACG Air Nasu 2 ,"96,00","120,00",20%
1140,Nike,Mountain Fly Low,"90,00","180,00",50%
1141,Nike,ACG Air Nasu 2 ,"96,00","120,00",20%
1142,Nike,ACG Mountain Fly Low,"144,00","180,00",20%
1143,Nike,ACG Air Deschutz+,"45,00","75,00",40%
1144,Nike,ACG Air Deschutz+ ,"37,50","75,00",50%
1145,Nike,ACG Air Deschutz+ ,"37,50","75,00",50%
1146,11 By Boris Bidjan Saberi,Bamba 2 Low x Salomon,"420,00","420,00",0%
1147,VEJA,Women's 3 Lock ,"110,00","110,00",0%
1148,Jordan,Air Jordan 11 Low Q54,"130,00","130,00",0%
1149,Converse,Run Star Motion Hi x Space Jam,"66,00","120,00",45%
1150,Birkenstock,Women's Arizona EVA,"32,00","40,00",20%
1151,adidas,ZX Fury,"100,00","200,00",50%
1152,Vans,Sk8-Hi Lx x Vibram,"87,50","175,00",50%
1153,Vans,Sk8-Hi Lx x Vibram,"87,50","175,00",50%
1154,Converse,Chuck 70 Hi x Space Jam,"66,00","120,00",45%
1155,Crocs,Classic All Terrain 2 Clog U x Space Jam,"36,00","60,00",40%
1156,Crocs,Classic All Terrain 2 Clog U x Space Jam,"33,00","60,00",45%
1157,Vans,Authentic Lx x Vibram,"82,50","150,00",45%
1158,Nike,Women's Air Huarache,"60,00","120,00",50%
1159,Reebok,Club C 85,"50,00","100,00",50%
1160,Reebok,Classic Leather,"50,00","100,00",50%
1161,Reebok,Classic Leather,"50,00","100,00",50%
1162,Nike,Women's Fontanka Edge,"70,00","140,00",50%
1163,Clarks,Wallabee Boot ,"120,00","240,00",50%
1164,Le Coq Sportif,LCS R1000 BBR,"90,00","180,00",50%
1165,Le Coq Sportif,Neree Ventile,"67,50","135,00",50%
1166,Crocs,Classic Realtree ,"50,00","50,00",0%
1167,Vans,Old Skool OG LX,"90,00","90,00",0%
1168,adidas,Women's Ozelia,"55,00","110,00",50%
1169,Reebok,Kamikaze II ,"65,00","130,00",50%
1170,Converse,Chuck 70 GTX Hi ,"60,00","120,00",50%
1171,Suicoke,Moto-2NH x Neighborhood,"123,75","225,00",45%
1172,Suicoke,Depa-V2,"185,00","185,00",0%
1173,Converse,Slide x Telfar,"24,00","60,00",60%
1174,Nike,ZoomX Vaporfly Next% x Gyakusou ,"240,00","300,00",20%
1175,Nike,ZoomX Vaporfly Next% x Gyakusou ,"180,00","300,00",40%
1176,Rick Owens,Geobasket Leather Shoes,"840,00","840,00",0%
1177,Rick Owens,Leather Sneakers,"665,00","665,00",0%
1178,Rick Owens,Leather Sneakers,"805,00","805,00",0%
1179,Rick Owens,Geobasket Leather Shoes,"840,00","840,00",0%
1180,Rick Owens,Leather Sneakers,"805,00","805,00",0%
1181,Nike,Women's Air Max Furyosa ,"160,00","160,00",0%
1182,Reebok,Premier Road,"100,00","200,00",50%
1183,adidas,Retropy E5,"60,00","120,00",50%
1184,Nike,Women's Dunk Low Disrupt ,"110,00","110,00",0%
1185,Reebok,Club C Double Geo ,"50,00","100,00",50%
1186,Converse,Skid Grip OX,"37,50","75,00",50%
1187,Reebok,Club C Double Geo,"50,00","100,00",50%
1188,Le Coq Sportif,Neree,"130,00","130,00",0%
1189,Converse,"Run Star Hike Hi ""Golden Repair""","60,00","120,00",50%
1190,Converse,Chuck 70 GTX Hi ,"60,00","120,00",50%
1191,adidas,Women's Superstar,"55,00","110,00",50%
1192,Converse,Slide x Telfar,"24,00","60,00",60%
1193,Converse,Women's CTAS Highstep LTD Hi,"70,00","140,00",50%
1194,Puma,Suede Classic ,"30,00","60,00",50%
1195,adidas,Women's Special 21 ,"50,00","100,00",50%
1196,adidas,Women's Zentic,"50,00","100,00",50%
1197,New Balance,Women's 574 V2,"60,00","100,00",40%
1198,Le Coq Sportif,Gaia,"57,50","115,00",50%
1199,adidas,Women's Choigo,"60,00","120,00",50%
1200,adidas,Women's Nizza Hi ,"45,00","90,00",50%
1201,Nike,Women's Air Huarache,"71,50","130,00",45%
1202,Jordan,Women's Jordan Delta 2 ,"130,00","130,00",0%
1203,Nike,Air Huarache,"60,00","120,00",50%
1204,Nike,Women's Air Force 1 '07 SE,"110,00","110,00",0%
1205,Nike SB,Blazer Court ,"65,00","65,00",0%
1206,adidas,Women's Stan Smith ,"55,00","110,00",50%
1207,adidas,Forum Low,"80,00","100,00",20%
1208,Converse,"Pro Leather Hi ""Trek""","70,00","140,00",50%
1209,adidas,Women's Ozelia ,"44,00","110,00",60%
1210,Reebok,Question Mid x Power Rangers,"90,00","180,00",50%
1211,Nike,Women's Fontanka Edge,"70,00","140,00",50%
1212,Nike,Air Tuned Max,"85,00","170,00",50%
1213,Puma,Suede Triplex PS x Haribo,"32,50","65,00",50%
1214,Converse,"Pro Leather Hi ""Trek""","70,00","140,00",50%
1215,Nike,Free Run Trail,"60,00","120,00",50%
1216,Puma,Suede PS x Haribo,"32,50","65,00",50%
1217,Reebok,Classic Leather ,"60,00","120,00",50%
1218,Reebok,Question Mid,"68,00","170,00",60%
1219,Asics,Gel-Lyte III OG x SVD,"150,00","150,00",0%
1220,Converse,"Chuck 70 Hi Canvas ""Sunflower Trek""","84,00","140,00",40%
1221,Converse,"Chuck 70 Hi ""Hybrid Camo""","50,00","100,00",50%
1222,Vans,Epoch OG LX,"42,50","85,00",50%
1223,Vans,Old Skool LX,"45,00","90,00",50%
1224,Reebok,Club C Legacy x Daniel Moon,"44,00","110,00",60%
1225,Nike,Women's Waffle Racer Crater,"55,00","110,00",50%
1226,Nike,Women's Waffle Racer Crater,"55,00","110,00",50%
1227,Nike,Women's Daybreak,"45,00","90,00",50%
1228,Vans,Old Skool OG Lx,"45,00","90,00",50%
1229,Vans,Era Lx OG,"80,00","80,00",0%
1230,Vans,Era Lx OG,"80,00","80,00",0%
1231,Vans,Slip-On Lx OG,"40,00","80,00",50%
1232,Vans,Era Lx OG ,"40,00","80,00",50%
1233,Vans,Era Lx OG ,"40,00","80,00",50%
1234,adidas,Orion,"45,00","90,00",50%
1235,adidas,Stan Smith,"100,00","100,00",0%
1236,adidas,Women's Geodiver,"47,50","95,00",50%
1237,adidas,Women's Stan Smith ,"50,00","100,00",50%
1238,Reebok,Kamikaze II Low x Nerf,"60,00","120,00",50%
1239,Nike,Women's Dunk High ,"110,00","110,00",0%
1240,Nike SB,Shane,"75,00","75,00",0%
1241,Crocs,Classic Tie Dye Graphic Clog U,"50,00","50,00",0%
1242,Le Coq Sportif,R1000 VG Ventile,"75,00","150,00",50%
1243,Reebok,Women's Club C Double Geo,"50,00","100,00",50%
1244,Reebok,Classic Leather Grow,"45,00","90,00",50%
1245,Reebok,Classic Leather Grow,"45,00","90,00",50%
1246,adidas,Climacool Vento,"70,00","140,00",50%
1247,adidas,ZX 8000 Super Earth x Sean Wotherspoon,"60,00","100,00",40%
1248,Nike,Air Huarache,"120,00","120,00",0%
1249,adidas,Stan Smith Pride,"100,00","100,00",0%
1250,Nike,Air Max Pre-Day,"65,00","130,00",50%
1251,Nike,Air Max 96 II,"90,00","180,00",50%
1252,Reebok,Women's Club C Double Geo,"50,00","100,00",50%
1253,Reebok,AZ II,"55,00","100,00",45%
1254,Reebok,Club C Mid II Vintage,"55,00","110,00",50%
1255,Birkenstock,Arizona BF,"65,00","65,00",0%
1256,adidas,X9000L4,"70,00","140,00",50%
1257,adidas,X9000L4,"70,00","140,00",50%
1258,Nike,Pegasus Trail 3,"130,00","130,00",0%
1259,Nike,Lebron 8 V2 ,"90,00","180,00",50%
1260,adidas,Ultraboost 21,"180,00","180,00",0%
1261,adidas,Ultraboost 21,"180,00","180,00",0%
1262,Puma,Women's Suede Mayu ,"110,00","110,00",0%
1263,adidas,Geodiver Primeblue,"47,50","95,00",50%
1264,adidas,Ultraboost 21,"180,00","180,00",0%
1265,Nike,Air Max Pre-Day,"65,00","130,00",50%
1266,adidas,Superstar,"120,00","120,00",0%
1267,Nike,Women's Air Force  1 '07,"120,00","120,00",0%
1268,Nike,Waffle Trainer 2 SD,"55,00","100,00",45%
1269,adidas,Ultraboost 5.0 DNA,"80,00","160,00",50%
1270,Crocs,Classic Translucent Clog,"60,00","60,00",0%
1271,Nike,Air VaporMax Evo,"225,00","225,00",0%
1272,Reebok,Project 0 CC TL x Maison Margiela,"120,00","300,00",60%
1273,Reebok,Project 0 CL x Maison Margiela,"120,00","300,00",60%
1274,Reebok,AZ II,"40,00","100,00",60%
1275,adidas,Stan Smith,"50,00","100,00",50%
1276,Jordan,Air Jordan 7 Retro,"190,00","190,00",0%
1277,Puma,Future Rider TINY PS,"32,50","65,00",50%
1278,New Balance,920 Desert Scape,"190,00","190,00",0%
1279,Crocs,Kid's Fun Lab Snoopy Woodstock Clog,"40,00","40,00",0%
1280,Suicoke,DEPA-AabHY x HAY,"52,00","130,00",60%
1281,Suicoke,DEPA-AabHY x HAY,"65,00","130,00",50%
1282,Suicoke,DEPA-AabHY x HAY,"52,00","130,00",60%
1283,Suicoke,DEPA-AabHY x HAY,"52,00","130,00",60%
1284,Nike,"LeBron VIII ""Hardwood Classic"" ","160,00","200,00",20%
1285,adidas,Stan Smith ,"75,00","150,00",50%
1286,Hender Scheme,Device Weave Sandals,"295,00","295,00",0%
1287,Hender Scheme,Device Weave Sandals,"295,00","295,00",0%
1288,Hender Scheme,Caterpillar Sandals ,"355,00","355,00",0%
1289,Hender Scheme,Caterpillar Sandals ,"355,00","355,00",0%
1290,Puma,Women's Mayze,"100,00","100,00",0%
1291,Puma,Women's Mayze Leather,"100,00","100,00",0%
1292,11 By Boris Bidjan Saberi,Bamba 2 Low x Salomon,"420,00","420,00",0%
1293,Nike,ACG Air Deschutz,"75,00","75,00",0%
1294,Nike,Waffle Trainer 2 SP,"40,00","100,00",60%
1295,Nike,Waffle Trainer 2 SP,"40,00","100,00",60%
1296,Nike,Air Max Pre-Day,"65,00","130,00",50%
1297,VEJA,Venturi,"145,00","145,00",0%
1298,VEJA,V-10,"130,00","130,00",0%
1299,Comme des Garçons Shirt,Tarther SD x ASICS,"73,75","295,00",75%
1300,Crocs,Classic U,"45,00","45,00",0%
1301,Crocs,Classic Clog K,"30,00","30,00",0%
1302,Crocs,Women's Classic Clog ,"80,00","80,00",0%
1303,Crocs,Classic U,"50,00","50,00",0%
1304,Crocs,Classic U,"45,00","45,00",0%
1305,Crocs,Classic Clog K,"30,00","30,00",0%
1306,Crocs,Classic Tie Dye Graphic Clog U,"50,00","50,00",0%
1307,Crocs,Classic U,"45,00","45,00",0%
1308,Crocs,Classic Clog K,"30,00","30,00",0%
1309,Crocs,Classic U,"45,00","45,00",0%
1310,Crocs,Classic Clog K,"30,00","30,00",0%
1311,Crocs,Classic Clog K,"30,00","30,00",0%
1312,Crocs,Classic Clog K,"30,00","30,00",0%
1313,Crocs,Classic U,"50,00","50,00",0%
1314,Vans Vault, Authentic LX,"75,00","75,00",0%
1315,VEJA,V-10,"130,00","130,00",0%
1316,VEJA,Women's Rio Branco ,"115,00","115,00",0%
1317,VEJA,Women's Campo ,"125,00","125,00",0%
1318,Comme des Garçons Play,Big Heart Chuck 70 OX x Converse,"140,00","140,00",0%
1319,Comme des Garçons Play,Big Heart Chuck 70 OX x Converse,"140,00","140,00",0%
1320,Vans Vault,Old Skool LX,"85,00","85,00",0%
1321,Comme des Garçons Play,Big Heart Chuck 70 Hi x Converse,"140,00","140,00",0%
1322,Comme des Garçons Play,Big Heart Chuck 70 Hi x Converse,"140,00","140,00",0%
1323,Nike,Air Max 95 x Kim Jones,"121,00","220,00",45%
1324,Puma,Women's Suede Mayu ,"110,00","110,00",0%
1325,Puma,Cruise Rider Silk Road ,"50,00","100,00",50%
1326,Vans,Old Skool 36 ,"50,00","100,00",50%
1327,Vans,Authentic 44 DX ,"90,00","90,00",0%
1328,Jordan,"Air Jordan 5 Retro (GS) ""Stealth 2.0""","140,00","140,00",0%
1329,Reebok,Classic Leather ,"22,50","45,00",50%
1330,Reebok,Club C Double Geo ,"55,00","110,00",50%
1331,Jordan,Women's Jordan MA2,"130,00","130,00",0%
1332,Rick Owens, Leather Shoes ,"690,00","690,00",0%
1333,Clarks,Mileno London,"240,00","240,00",0%
1334,Clarks,Mileno Chelsea,"260,00","260,00",0%
1335,Suicoke,Depa-V2,"185,00","185,00",0%
1336,Northwave,Espresso Chilli Suede,"130,00","130,00",0%
1337,Puma,Clyde All-Pro Kuzma,"140,00","140,00",0%
1338,Northwave,Espresso Chilli Leather,"155,00","155,00",0%
1339,Northwave,Espresso Chilli Leather,"155,00","155,00",0%
1340,Northwave,Espresso Chilli Suede,"130,00","130,00",0%
1341,Northwave,Espresso Chilli Suede,"130,00","130,00",0%
1342,Puma,XS 7000 Disc Story,"150,00","150,00",0%
1343,Puma,Kids Future Rider NES x Super Mario,"70,00","70,00",0%
1344,Puma,Women's Cali Star,"63,00","90,00",30%
1345,Puma,Disc System Weapon Disc Story,"170,00","170,00",0%
1346,Puma,Disc System Weapon Disc Story,"170,00","170,00",0%
1347,Puma,XS 7000 OG Capri,"150,00","150,00",0%
1348,Puma,XS 7000 Disc Story,"150,00","150,00",0%
1349,Puma,Womens' Cali Star ,"63,00","90,00",30%
1350,Converse,"Chuck 70 Canvas LTD Hi ""Trek""","77,00","140,00",45%
1351,Jordan,Jordan Delta Mid ,"80,00","160,00",50%
1352,Birkenstock,Honolulu,"21,00","30,00",30%
1353,Birkenstock,Barbados ,"24,50","35,00",30%
1354,Crocs,Classic Clog,"50,00","50,00",0%
1355,Crocs,Classic Clog,"45,00","45,00",0%
1356,Vans Vault,SK8-Hi LX,"95,00","95,00",0%
1357,Vans Vault,SK8-Hi LX,"95,00","95,00",0%
1358,Nike,"Air Force 1 ""Silver Snake""","130,00","130,00",0%
1359,Suicoke,Women's Nin-High,"57,50","230,00",75%
1360,Suicoke,Alal LO,"210,00","210,00",0%
1361,Asics,Gel-Kayano 27 ,"180,00","180,00",0%
1362,Asics,GEL-Trabuco 9 G-TX,"160,00","160,00",0%
1363,Nike,Air Presto,"120,00","120,00",0%
1364,Converse,Chuck 70 Hi Canvas,"55,00","110,00",50%
1365,Nike,Air Presto,"120,00","120,00",0%
1366,Onitsuka Tiger,Limber Up NM,"240,00","240,00",0%
1367,Le Coq Sportif,Gaia,"115,00","115,00",0%
1368,Nike,Women's Air Force 1 Pixel,"110,00","110,00",0%
1369,Nike SB,Heritage Vulc,"49,00","70,00",30%
1370,Nike,AIR MAX 1,"150,00","150,00",0%
1371,Suicoke,Zona,"40,00","100,00",60%
1372,Puma,Future Rider Play On ,"90,00","90,00",0%
1373,VEJA,Women's V-10 ,"130,00","130,00",0%
1374,VEJA,Women's V-12 ,"125,00","125,00",0%
1375,VEJA,V-12,"125,00","125,00",0%
1376,VEJA,Roraima,"165,00","165,00",0%
1377,VEJA,V-10,"125,00","125,00",0%
1378,VEJA,3-Lock,"110,00","110,00",0%
1379,VEJA,Campo ,"125,00","125,00",0%
1380,VEJA,Venturi ,"101,50","145,00",30%
1381,VEJA,Women's Venturi ,"155,00","155,00",0%
1382,VEJA,Women's V-10 ,"125,00","125,00",0%
1383,VEJA,Women's Rio Branco,"115,00","115,00",0%
1384,Reebok,Women's Club C Double x Cardi B,"36,00","90,00",60%
1385,Nike SB,Bruin React,"100,00","100,00",0%
1386,Converse,"Chuck 70 Canvas LTD Hi ""Trek""","170,00","170,00",0%
1387,Birkenstock,Gizeh,"40,00","80,00",50%
1388,Birkenstock,Honolulu,"24,00","30,00",20%
1389,Birkenstock,Honolulu,"21,00","30,00",30%
1390,Birkenstock,Honolulu,"30,00","30,00",0%
1391,Birkenstock,Barbados,"35,00","35,00",0%
1392,Suicoke,Kisee-V,"195,00","195,00",0%
1393,Onitsuka Tiger,Limber Up Made in Japan,"240,00","240,00",0%
1394,Onitsuka Tiger,Limber Up Made in Japan,"260,00","260,00",0%
1395,Salomon,Quest 4D GTX Advanced,"250,00","250,00",0%
1396,Birkenstock,Arizona ,"96,00","120,00",20%
1397,Birkenstock,Madrid,"68,00","85,00",20%
1398,Birkenstock,Arizona ,"90,00","90,00",0%
1399,Nike,ACG Mountain Fly GORE-TEX,"176,00","220,00",20%
1400,Converse,Women's Chuck 70 Hi ,"40,00","100,00",60%
1401,Puma,Suede VTG,"90,00","90,00",0%
1402,Hender Scheme,Code Tip Shaggy Shoes,"680,00","680,00",0%
1403,Hender Scheme,Moor Shoes,"825,00","825,00",0%
1404,Hender Scheme,Manual Industrial Products 23 Shoes,"665,00","665,00",0%
1405,Clarks,Desert Galosh,"70,00","280,00",75%
1406,Nike SB,Bruin React,"100,00","100,00",0%
1407,VEJA,V-10,"130,00","130,00",0%
1408,Nike,Air Force 1 Low Retro ,"130,00","130,00",0%
1409,Converse,"Chuck 70 Canvas LTD Hi ""Trek""","170,00","170,00",0%
1410,RAF SIMONS,2001-2 High,"150,00","600,00",75%
1411,RAF SIMONS,Solaris-2 High,"150,00","600,00",75%
1412,Rick Owens,Sneakers ,"800,00","800,00",0%
1413,Rick Owens,Geobasket Shoes,"805,00","805,00",0%
1414,Converse,RUN STAR HIKE HI,"110,00","110,00",0%
1415,On,The Roger Centre Court,"200,00","200,00",0%
1416,Jordan,Air Jordan 4 x Union LA,"250,00","250,00",0%
1417,Birkenstock,BARBADOS,"28,00","35,00",20%
1418,Nike,Women's Dunk Low Disrupt,"110,00","110,00",0%
1419,Nike,Women's Dunk Low Disrupt,"110,00","110,00",0%
1420,Vans,OG Style 36,"105,00","105,00",0%
1421,Converse,Run Star Hike OX ,"100,00","100,00",0%
1422,Jordan,Air Jordan 1 High Zoom 'Crater',"175,00","175,00",0%
1423,Converse,Run Star Hike OX,"100,00","100,00",0%
1424,Converse,Run Star Hike Hi Smoked Canvas,"140,00","140,00",0%
1425,Nike SB,Zoom Janoski RM,"85,00","85,00",0%
1426,Nike,Women's Daybreak,"90,00","90,00",0%
1427,adidas Consortium,adidas Crazy BYW Pharrell CNY,"50,00","250,00",80%
1428,Puma,Mile Rider Sunny Gataway,"90,00","90,00",0%
1429,Nike,AIR FORCE 1 '07 CRAFT,"120,00","120,00",0%
1430,Vans Vault,OG Classic Slip-On,"75,00","75,00",0%
1431,Converse,Chuck 70 Double Foxing,"140,00","140,00",0%
1432,Puma,Clyde All-Pro Kuzma,"150,00","150,00",0%
1433,Nike SB,Nijah Free 2 ,"95,00","95,00",0%
1434,Suicoke,Depa-V2,"101,75","185,00",45%
1435,Nike SB,SB ADVERSARY,"85,00","85,00",0%
1436,VEJA,V-10,"125,00","125,00",0%
1437,VEJA,V-10,"125,00","125,00",0%
1438,VEJA,V-10 WOMENS,"125,00","125,00",0%
1439,VEJA,V-10,"125,00","125,00",0%
1440,VEJA,V-10 WOMENS,"125,00","125,00",0%
1441,Birkenstock,Arizona EVA,"45,00","45,00",0%
1442,Reebok,Classic Leather,"90,00","90,00",0%
1443,VEJA,V-10 WOMENS,"125,00","125,00",0%
1444,VEJA,V-10,"125,00","125,00",0%
1445,Birkenstock,ARIZONA,"56,00","70,00",20%
1446,Birkenstock,GIZEH,"48,00","60,00",20%
1447,Birkenstock,ARIZONA,"64,00","80,00",20%
1448,Birkenstock,GIZEH,"40,00","40,00",0%
1449,Converse,CHUCK 70 HI BLACK/BLACK/EGRET,"90,00","90,00",0%
1450,Hender Scheme,Compile Sandals,"540,00","540,00",0%
1451,Hender Scheme,Compile Sandals,"540,00","540,00",0%
1452,Hender Scheme,Webb Sandals,"375,00","375,00",0%
1453,Hender Scheme,Webb Sandals,"375,00","375,00",0%
1454,Hender Scheme,Webb Sandals,"375,00","375,00",0%
1455,Fumito Ganryu,Surf shoes,"110,00","440,00",75%
1456,Fumito Ganryu,Surf shoes,"110,00","440,00",75%
1457,Fumito Ganryu,Surf shoes,"110,00","440,00",75%
1458,Fumito Ganryu,Surf shoes,"110,00","440,00",75%
1459,Hender Scheme,Manual Industrial Products 22,"700,00","700,00",0%
1460,Hender Scheme,Side Gore Tarte,"560,00","560,00",0%
1461,Nike,Women's Daybreak,"49,50","90,00",45%
1462,Vans Vault,OG Classic Slip-On,"80,00","80,00",0%
1463,Vans,OG Old Skool LX,"85,00","85,00",0%
1464,Vans Vault,OG Authentic LX,"75,00","75,00",0%
1465,Vans,OG Authentic LX,"75,00","75,00",0%
1466,Converse,CHUCK 70 OX,"85,00","85,00",0%
1467,adidas,Stan Smith,"95,00","95,00",0%
1468,Reebok,Classic Leather,"90,00","90,00",0%
1469,Camper,W Bernard Willhelm Himalayan low boot,"68,75","275,00",75%
1470,Camper,W Bernard Willhelm Himalayan low boot,"68,75","275,00",75%
1471,Converse,Chuck 70 Hi,"90,00","90,00",0%
1472,Vans,Authentic 44 DX,"75,00","75,00",0%
1473,Hender Scheme,Slouchy,"445,00","445,00",0%
1474,Nike,Women's Air Force 1 Shadow ,"110,00","110,00",0%
1475,Hender Scheme,Tarte Shoes,"480,00","480,00",0%
1476,Hender Scheme,Full Lace Trek Hi Boots,"730,00","730,00",0%
1477,Hender Scheme,Tarte Shoes,"480,00","480,00",0%
1478,Hender Scheme,manual industrial products 21 . X DR.MARTENS,"710,00","710,00",0%
1479,Undercover,Rain Shoes,"213,75","855,00",75%
1480,Undercover,Rain Shoes,"213,75","855,00",75%
1481,Converse,Chuck 70 Hi,"90,00","90,00",0%
1482,Hender Scheme,Haze Shoes,"500,00","500,00",0%
1483,Hender Scheme,Haze Shoes,"500,00","500,00",0%
1484,Hender Scheme,Hand Mesh Tip Shoes,"525,00","525,00",0%
1485,Hender Scheme,Hand Mesh Tip Shoes,"525,00","525,00",0%
1486,Nike SB,  SB ZOOM JANOSKI RM,"85,00","85,00",0%
1487,YEEZY,WOMENS ANKLE BOOT IN TRANSPARENT KNIT 90MM HEEL,"267,50","1.070,00",75%
1488,Hender Scheme,Peel Gore Shoes,"495,00","495,00",0%
1489,Hender Scheme,Peel Gore Shoes,"495,00","495,00",0%
1490,Hender Scheme,Device Strap Sandals,"255,00","255,00",0%
1491,Hender Scheme,Caterpillar Sandals ,"380,00","380,00",0%
1492,Hender Scheme,Manual Industrial Products 18,"610,00","610,00",0%
1493,Hender Scheme,Manual Industrial Products 18,"645,00","645,00",0%
1494,Hender Scheme,Device Strap Sandals,"255,00","255,00",0%
1495,GCDS,WEDGE,"108,75","435,00",75%
1496,GCDS,WEDGE,"108,75","435,00",75%
1497,GCDS,WEDGE,"108,75","435,00",75%
1498,Hender Scheme,Manual Industrial Products 05,"615,00","615,00",0%
1499,Hender Scheme,Manual Industrial Products 12,"745,00","745,00",0%
1500,Hender Scheme,Typical Color Exception Loafer,"670,00","670,00",0%
1501,Hender Scheme,Manual Industrial Products 10,"800,00","800,00",0%
1502,Hender Scheme,Manual Industrial Products 12,"745,00","745,00",0%
1503,Hender Scheme,Manual Industrial Products 08,"745,00","745,00",0%
1504,YEEZY,WOMEN'S ANKLE BOOT IN TRANSPARENT KNIT 90MM HEEL,"267,50","1.070,00",75%
1505,YEEZY,WOMEN'S KNEE HIGH BOOT IN BANDAGE KNIT 100MM HEEL,"216,25","865,00",75%
1506,Suicoke,NOTS-VHL,"66,25","265,00",75%
1507,Hender Scheme,Manual Industrial Products 17,"615,00","615,00",0%
1508,Hender Scheme,Slouchy,"445,00","445,00",0%
1509,Hender Scheme,Slouchy,"485,00","485,00",0%
1510,Hender Scheme,Manual Industrial Products 19,"745,00","745,00",0%
1511,Hender Scheme,Manual Industrial Products 17,"615,00","615,00",0%
1512,Vans,UA Authentic 44 DX,"75,00","75,00",0%
1513,Guidi,MILITARY BOOT,"660,00","1.650,00",60%
1514,Guidi,MILITARY BOOT,"660,00","1.650,00",60%
1515,Converse,CHUCK 70 OX,"85,00","85,00",0%
1516,YEEZY,Women's Mule In Transparent Knit 110Mm Heel,"186,25","745,00",75%
1517,YEEZY,Women's Mule Pump In Transparent Knit 110Mm Heel,"186,25","745,00",75%
1518,YEEZY,Women's Tech Mule In Padded Mesh 100Mm Heel,"141,25","565,00",75%
1519,Barny Nakhle,BEN 6 BIS BALLERINA,"140,00","560,00",75%
1520,Barny Nakhle,BN 150250 LOW HEEL,"162,50","650,00",75%
